,Country name,Life Ladder_2005,Life Ladder_2006,Life Ladder_2007,Life Ladder_2008,Life Ladder_2009,Life Ladder_2010,Life Ladder_2011,Life Ladder_2012,Life Ladder_2013,Life Ladder_2014,Life Ladder_2015,Life Ladder_2016,Life Ladder_2017,Life Ladder_2018,Life Ladder_2019,Life Ladder_2020,Life Ladder_2021,Log GDP per capita_2005,Log GDP per capita_2006,Log GDP per capita_2007,Log GDP per capita_2008,Log GDP per capita_2009,Log GDP per capita_2010,Log GDP per capita_2011,Log GDP per capita_2012,Log GDP per capita_2013,Log GDP per capita_2014,Log GDP per capita_2015,Log GDP per capita_2016,Log GDP per capita_2017,Log GDP per capita_2018,Log GDP per capita_2019,Log GDP per capita_2020,Log GDP per capita_2021,Social support_2005,Social support_2006,Social support_2007,Social support_2008,Social support_2009,Social support_2010,Social support_2011,Social support_2012,Social support_2013,Social support_2014,Social support_2015,Social support_2016,Social support_2017,Social support_2018,Social support_2019,Social support_2020,Social support_2021,Healthy life expectancy at birth_2005,Healthy life expectancy at birth_2006,Healthy life expectancy at birth_2007,Healthy life expectancy at birth_2008,Healthy life expectancy at birth_2009,Healthy life expectancy at birth_2010,Healthy life expectancy at birth_2011,Healthy life expectancy at birth_2012,Healthy life expectancy at birth_2013,Healthy life expectancy at birth_2014,Healthy life expectancy at birth_2015,Healthy life expectancy at birth_2016,Healthy life expectancy at birth_2017,Healthy life expectancy at birth_2018,Healthy life expectancy at birth_2019,Healthy life expectancy at birth_2020,Healthy life expectancy at birth_2021,Freedom to make life choices_2005,Freedom to make life choices_2006,Freedom to make life choices_2007,Freedom to make life choices_2008,Freedom to make life choices_2009,Freedom to make life choices_2010,Freedom to make life choices_2011,Freedom to make life choices_2012,Freedom to make life choices_2013,Freedom to make life choices_2014,Freedom to make life choices_2015,Freedom to make life choices_2016,Freedom to make life choices_2017,Freedom to make life choices_2018,Freedom to make life choices_2019,Freedom to make life choices_2020,Freedom to make life choices_2021,Generosity_2005,Generosity_2006,Generosity_2007,Generosity_2008,Generosity_2009,Generosity_2010,Generosity_2011,Generosity_2012,Generosity_2013,Generosity_2014,Generosity_2015,Generosity_2016,Generosity_2017,Generosity_2018,Generosity_2019,Generosity_2020,Generosity_2021,Perceptions of corruption_2005,Perceptions of corruption_2006,Perceptions of corruption_2007,Perceptions of corruption_2008,Perceptions of corruption_2009,Perceptions of corruption_2010,Perceptions of corruption_2011,Perceptions of corruption_2012,Perceptions of corruption_2013,Perceptions of corruption_2014,Perceptions of corruption_2015,Perceptions of corruption_2016,Perceptions of corruption_2017,Perceptions of corruption_2018,Perceptions of corruption_2019,Perceptions of corruption_2020,Perceptions of corruption_2021,index_y,netGini,wealthGini,medianIncome,povertyRate
0,Albania,5.171640828402364,5.1562319526627185,4.634,5.125414201183428,5.485,5.269,5.867,5.51,4.551,4.814,4.607,4.511,4.64,5.004,4.995,5.365,5.117,9.15223136094675,9.177881065088762,9.142,9.229180473372786,9.262,9.303,9.331,9.347,9.359,9.378,9.403,9.437,9.476,9.518,9.544,9.497,9.52,0.8165964497041394,0.8058059171597627,0.821,0.7842248520710058,0.833,0.733,0.759,0.785,0.759,0.626,0.639,0.638,0.638,0.684,0.686,0.71,0.697,65.17030355029584,65.43329408284018,65.8,65.95927514792896,66.2,66.4,66.68,66.96,67.24,67.52,67.8,68.1,68.4,68.7,69.0,69.3,68.999,0.4496976331360969,0.4732372781065166,0.529,0.5203165680473418,0.525,0.569,0.487,0.602,0.632,0.735,0.704,0.73,0.75,0.824,0.777,0.754,0.785,-0.16740650887573594,-0.15802248520709838,-0.009,-0.13925443786981972,-0.158,-0.172,-0.205,-0.169,-0.127,-0.025,-0.081,-0.017,-0.029,0.009,-0.099,0.007,-0.03,0.8183295857988178,0.8239840236686415,0.875,0.8352928994082855,0.864,0.726,0.877,0.848,0.863,0.883,0.885,0.901,0.876,0.899,0.914,0.891,0.901,44.0,38.6,44.8,6.5,7.7
1,Argentina,6.487349999999999,6.313,6.073,5.961,6.424,6.441,6.776,6.468,6.582,6.671,6.697,6.427,6.039,5.793,6.086,5.901,5.929,10.057749999999999,9.942,10.018,10.048,9.977,10.066,10.112,10.091,10.103,10.067,10.083,10.051,10.067,10.032,10.0,9.85,9.962,0.908525,0.938,0.862,0.892,0.919,0.927,0.889,0.902,0.91,0.918,0.926,0.883,0.907,0.9,0.896,0.897,0.898,66.55000000000001,66.82,66.94,67.06,67.18,67.3,67.48,67.66,67.84,68.02,68.2,68.4,68.6,68.8,69.0,69.2,69.0,0.6678250000000006,0.733,0.653,0.678,0.637,0.73,0.816,0.747,0.737,0.745,0.881,0.848,0.832,0.846,0.817,0.823,0.828,-0.1318999999999999,-0.157,-0.141,-0.132,-0.13,-0.126,-0.174,-0.148,-0.13,-0.164,-0.174,-0.192,-0.186,-0.211,-0.211,-0.122,-0.182,0.8572500000000001,0.852,0.881,0.865,0.885,0.855,0.755,0.817,0.823,0.854,0.851,0.851,0.841,0.855,0.83,0.816,0.834,45.0,38.6,72.3,14.6,4.5
2,Armenia,4.1824439421338155,4.289,4.882,4.652,4.178,4.368,4.26,4.32,4.277,4.453,4.348,4.325,4.288,5.062,5.488,4.893560578661848,5.283,9.053926311030743,9.044,9.181,9.256,9.111,9.136,9.182,9.249,9.277,9.307,9.334,9.333,9.402,9.451,9.522,9.483236889692584,9.487,0.6728128390596755,0.682,0.76,0.709,0.68,0.66,0.705,0.676,0.723,0.739,0.723,0.709,0.698,0.814,0.782,0.7678716094032563,0.799,64.42970727848103,64.8,64.9,65.0,65.1,65.2,65.36,65.52,65.68,65.84,66.0,66.3,66.6,66.9,67.2,67.03417721518986,67.055,0.393318942133817,0.52,0.605,0.462,0.441,0.459,0.465,0.502,0.504,0.506,0.551,0.611,0.614,0.808,0.844,0.7425605786618519,0.825,-0.2394220162748617,-0.231,-0.251,-0.215,-0.214,-0.176,-0.225,-0.215,-0.195,-0.218,-0.203,-0.17,-0.147,-0.163,-0.172,-0.16152983725135428,-0.168,0.9427160940325514,0.85,0.817,0.876,0.882,0.891,0.875,0.893,0.9,0.92,0.901,0.921,0.865,0.677,0.583,0.7368390596745051,0.629,58.0,36.0,58.3,5.7,13.5
3,Australia,7.341,7.360876592356689,7.285,7.254,7.327743431528663,7.45,7.406,7.196,7.364,7.289,7.309,7.25,7.257,7.177,7.234,7.137,7.183,10.659,10.695554936305733,10.703,10.719,10.719882762738852,10.722,10.733,10.754,10.762,10.772,10.779,10.791,10.798,10.811,10.815,10.76,10.796,0.968,0.9592778662420383,0.965,0.947,0.9544631767515925,0.955,0.967,0.945,0.928,0.924,0.952,0.942,0.95,0.94,0.943,0.937,0.94,71.4,71.45324840764334,71.72,71.88,71.9653503184714,72.2,72.3,72.4,72.5,72.6,72.7,73.0,73.3,73.6,73.9,74.2,73.9,0.935,0.9269307324840763,0.891,0.916,0.9247076035031845,0.932,0.945,0.935,0.933,0.923,0.922,0.922,0.911,0.916,0.918,0.905,0.914,0.39378504936530234,0.38012863187588053,0.347,0.305,0.3391593794076151,0.317,0.369,0.274,0.269,0.319,0.332,0.239,0.317,0.146,0.121,0.21,0.159,0.39,0.4079832802547769,0.513,0.431,0.41158459394904456,0.366,0.382,0.368,0.432,0.442,0.357,0.399,0.411,0.405,0.43,0.491,0.442,72.0,33.2,65.2,44.4,12.8
4,Austria,7.250885228480341,7.122,7.2494176408076525,7.181,7.247950053134963,7.303,7.471,7.401,7.499,6.95,7.076,7.048,7.294,7.396,7.195,7.213,7.268,10.858334218916047,10.842,10.864769925611053,10.887,10.871205632306058,10.861,10.887,10.889,10.883,10.882,10.881,10.891,10.908,10.928,10.939,10.851,10.906,0.9330148777895858,0.936,0.932334750265675,0.935,0.9316546227417644,0.914,0.944,0.945,0.95,0.899,0.928,0.926,0.906,0.912,0.964,0.925,0.934,70.41037194473967,70.76,70.79336875664188,71.08,71.1763655685441,71.4,71.54,71.68,71.82,71.96,72.1,72.4,72.7,73.0,73.3,73.6,73.3,0.9160648246546228,0.941,0.9139585547290121,0.879,0.911852284803401,0.896,0.939,0.92,0.922,0.885,0.9,0.889,0.89,0.904,0.903,0.912,0.908,0.2779245483528143,0.302,0.24480233793836703,0.291,0.21168012752391263,0.131,0.132,0.118,0.168,0.118,0.099,0.08,0.133,0.053,0.06,0.011,0.042,0.6566402763018075,0.49,0.636656216790648,0.614,0.6166721572794884,0.546,0.703,0.771,0.679,0.567,0.557,0.524,0.518,0.523,0.457,0.464,0.481,94.0,27.8,78.8,49.2,9.0
5,Azerbaijan,4.531228752260404,4.728,4.568,4.817,4.574,4.219,4.68,4.911,5.481,5.252,5.147,5.304,5.152,5.168,5.173,5.321712477396019,5.171,9.393849231464735,9.17,9.386,9.465,9.534,9.569,9.54,9.549,9.592,9.607,9.606,9.564,9.555,9.562,9.575,9.63375768535262,9.569,0.7241410488245936,0.854,0.753,0.684,0.736,0.687,0.725,0.762,0.77,0.799,0.786,0.777,0.787,0.781,0.887,0.8185895117540678,0.836,61.89113019891505,61.88,62.26,62.64,63.02,63.4,63.64,63.88,64.12,64.36,64.6,64.9,65.2,65.5,65.8,65.91869801084994,65.656,0.523444394213378,0.772,0.522,0.601,0.498,0.501,0.537,0.599,0.672,0.733,0.764,0.713,0.731,0.772,0.854,0.8000560578661862,0.814,-0.11653458408679995,-0.235,-0.207,-0.029,-0.087,-0.123,-0.105,-0.14,-0.168,-0.208,-0.198,-0.204,-0.225,-0.232,-0.214,-0.22190415913200745,-0.223,0.87517111211573,0.774,0.871,0.715,0.754,0.858,0.795,0.763,0.699,0.654,0.616,0.607,0.653,0.561,0.457,0.5225388788426741,0.506,92.0,28.6,51.0,8.5,2.7
6,Bangladesh,4.6653499999999966,4.319,4.607,5.052,5.083,4.858,4.986,4.724,4.66,4.636,4.633,4.556,4.31,4.499,5.114,5.28,5.025,7.732749999999996,7.783,7.839,7.886,7.924,7.967,8.018,8.07,8.116,8.164,8.216,8.274,8.334,8.399,8.467,8.472,8.454,0.5052499999999966,0.672,0.514,0.467,0.528,0.549,0.606,0.582,0.53,0.577,0.601,0.649,0.713,0.706,0.673,0.739,0.693,58.58499999999992,59.02,59.44,59.86,60.28,60.7,61.12,61.54,61.96,62.38,62.8,63.3,63.8,64.3,64.8,65.3,64.8,0.58155,0.612,0.605,0.606,0.631,0.659,0.838,0.668,0.742,0.736,0.815,0.875,0.896,0.901,0.902,0.777,0.877,-0.006450000000000067,0.068,0.04,-0.044,-0.075,-0.016,-0.069,-0.034,-0.016,-0.098,-0.068,-0.089,0.012,-0.043,-0.051,-0.009,-0.041,0.814899999999998,0.786,0.806,0.802,0.776,0.774,0.757,0.765,0.743,0.789,0.721,0.688,0.635,0.701,0.656,0.742,0.682,40.0,39.5,57.9,2.9,59.2
7,Belgium,7.262,7.16892515923567,7.219,7.117,7.092402468152869,6.854,7.111,6.935,7.104,6.855,6.904,6.949,6.928,6.892,6.772,6.839,6.834,10.745,10.768485668789811,10.792,10.789,10.780840366242039,10.779,10.783,10.784,10.784,10.795,10.81,10.819,10.834,10.844,10.853,10.771,10.823,0.935,0.9333582802547773,0.922,0.923,0.927865843949045,0.931,0.937,0.927,0.909,0.944,0.885,0.929,0.922,0.93,0.884,0.904,0.906,69.9,70.11096098726117,70.26,70.44,70.56961405254773,70.8,70.92,71.04,71.16,71.28,71.4,71.6,71.8,72.0,72.2,72.4,72.199,0.924,0.9100278662420376,0.901,0.887,0.8862756767515929,0.807,0.88,0.855,0.891,0.861,0.869,0.866,0.857,0.808,0.776,0.767,0.783,0.0976081805359641,0.08334471086036643,0.069,0.007,0.04055430183356634,0.022,-0.014,-0.05,0.017,0.001,0.062,-0.056,0.054,-0.125,-0.172,-0.164,-0.153,0.598,0.6571894904458606,0.721,0.652,0.643124601910829,0.697,0.711,0.758,0.574,0.512,0.469,0.497,0.543,0.63,0.672,0.634,0.646,99.0,25.9,63.0,43.8,9.1
8,Bolivia,5.6644749999999995,5.374,5.628,5.298,6.086,5.781,5.779,6.019,5.767,5.865,5.834,5.77,5.651,5.916,5.674,5.559,5.716,8.679074999999997,8.686,8.714,8.756,8.773,8.797,8.831,8.865,8.915,8.953,8.985,9.012,9.039,9.066,9.074,8.998,9.046,0.811925,0.834,0.796,0.785,0.831,0.807,0.817,0.781,0.803,0.821,0.829,0.796,0.779,0.827,0.784,0.805,0.81,59.08487500000001,59.0,59.5,60.0,60.5,61.0,61.34,61.68,62.02,62.36,62.7,63.0,63.3,63.6,63.9,64.2,63.901,0.7401249999999955,0.77,0.78,0.726,0.779,0.703,0.782,0.862,0.846,0.881,0.884,0.882,0.884,0.863,0.881,0.877,0.875,-0.027800000000000047,-0.044,0.001,-0.092,-0.036,-0.068,-0.039,-0.015,-0.067,0.018,-0.03,-0.047,-0.12,-0.093,-0.086,-0.054,-0.077,0.7886500000000005,0.794,0.817,0.801,0.763,0.781,0.825,0.84,0.812,0.832,0.862,0.853,0.819,0.786,0.857,0.868,0.839,25.0,43.5,74.2,9.3,12.9
9,Brazil,6.637,6.860617910447758,6.321,6.691,7.001,6.837,7.038,6.66,7.14,6.981,6.547,6.375,6.333,6.191,6.451,6.11,6.33,9.438,9.554967164179105,9.515,9.555,9.544,9.607,9.637,9.647,9.668,9.664,9.62,9.578,9.583,9.589,9.592,9.522,9.577,0.883,0.9014059701492538,0.886,0.878,0.913,0.906,0.916,0.89,0.91,0.898,0.907,0.912,0.905,0.882,0.899,0.831,0.882,63.3,63.620441791044755,63.78,64.02,64.26,64.5,64.76,65.02,65.28,65.54,65.8,66.0,66.2,66.4,66.6,66.8,66.601,0.882,0.8116268656716414,0.777,0.782,0.767,0.806,0.834,0.849,0.785,0.714,0.799,0.807,0.765,0.751,0.83,0.786,0.804,-0.05061398963730568,-0.05350777202072532,-0.016,-0.078,-0.055,-0.054,-0.072,-0.07087046632124316,-0.095,-0.115,-0.016,-0.1,-0.175,-0.117,-0.062,-0.053,-0.071,0.745,0.6901910447761175,0.728,0.688,0.723,0.656,0.662,0.623,0.707,0.71,0.771,0.781,0.794,0.763,0.762,0.729,0.756,18.0,44.9,83.2,11.2,9.3
10,Bulgaria,3.2797101980924594,3.4165755685986596,3.844,3.6903063096111737,3.827171680117374,3.912,3.875,4.222,3.993,4.438,4.865,4.838,5.097,5.099,5.108,5.598,5.266,9.640972120322822,9.666271826852537,9.715,9.71687123991196,9.742170946441675,9.765,9.795,9.804,9.813,9.838,9.883,9.928,9.969,10.007,10.047,9.991,10.016,0.799296404988997,0.8086100513573022,0.832,0.8272373440939127,0.8365509904622179,0.843,0.86,0.838,0.829,0.886,0.908,0.926,0.942,0.924,0.948,0.916,0.931,64.87028613352902,65.01471019809247,65.1,65.30355832721938,65.44798239178289,65.7,65.8,65.9,66.0,66.1,66.2,66.4,66.6,66.8,67.0,67.2,67.0,0.4827197358767421,0.5022325752017593,0.566,0.5412582538518009,0.5607710931768182,0.545,0.664,0.641,0.603,0.576,0.637,0.7,0.689,0.724,0.822,0.818,0.788,-0.20556052824651339,-0.199034849596476,-0.138,-0.18598349229640299,-0.1794578136463656,-0.144,-0.228,-0.172,-0.191,-0.055,-0.2,-0.17,-0.154,-0.176,-0.109,-0.004,-0.096,0.970931768158473,0.9679152604548777,0.976,0.961882245047688,0.9588657373440928,0.941,0.948,0.938,0.962,0.955,0.941,0.936,0.911,0.952,0.943,0.901,0.932,67.0,33.9,52.9,15.3,3.8
11,Cambodia,3.7570500000000067,3.569,4.156,4.462,4.111,4.141,4.161,3.899,3.674,3.883,4.162,4.461,4.586,5.122,4.998,4.377,4.83,7.714349999999996,7.746,7.829,7.879,7.865,7.907,7.96,8.014,8.068,8.121,8.173,8.225,8.276,8.333,8.387,8.362,8.36,0.6896000000000004,0.793,0.675,0.619,0.818,0.697,0.716,0.606,0.651,0.693,0.729,0.746,0.765,0.795,0.759,0.724,0.765,55.72000000000003,55.3,56.1,56.9,57.7,58.5,58.88,59.26,59.64,60.02,60.4,60.8,61.2,61.6,62.0,62.4,62.0,0.8884761904761902,0.894104761904762,0.819,0.914,0.937,0.94,0.927,0.956,0.941,0.938,0.956,0.958,0.964,0.958,0.957,0.963,0.959,0.2699750000000023,0.255,0.116,0.045,0.152,0.35,0.418,0.247,0.164,0.239,0.21,0.076,0.088,0.036,0.013,0.052,0.034,0.8792579564489111,0.829,0.879,0.888,0.965,0.896,0.775,0.89,0.812,0.843,0.825,0.84,0.821,0.8378408710217755,0.828,0.863,0.843,55.0,36.6,70.0,,
12,Cameroon,4.023174999999981,3.851,4.35,4.292,4.741,4.554,4.434,4.245,4.271,4.24,5.038,4.816,5.074,5.251,4.937,5.241,5.142,7.983899999999998,8.007,8.028,8.034,8.029,8.035,8.048,8.065,8.09,8.12,8.149,8.167,8.176,8.19,8.203,8.175,8.189,0.7279499999999999,0.69,0.717,0.697,0.729,0.759,0.738,0.743,0.76,0.778,0.646,0.659,0.695,0.677,0.711,0.72,0.71,45.393125000000055,45.98,46.56,47.14,47.72,48.3,48.7,49.1,49.5,49.9,50.3,51.1,51.9,52.7,53.5,54.3,53.515,0.6906499999999998,0.653,0.644,0.58,0.698,0.792,0.817,0.766,0.794,0.795,0.791,0.713,0.767,0.816,0.712,0.675,0.731,-0.04574999999999996,-0.009,-0.031,-0.069,-0.017,0.002,-0.029,-0.032,-0.03,-0.071,0.049,-0.003,-0.028,0.036,-0.008,0.049,0.026,0.9254249999999988,0.907,0.91,0.945,0.925,0.875,0.87,0.898,0.867,0.856,0.868,0.879,0.844,0.884,0.817,0.837,0.848,37.0,39.8,74.1,3.6,45.0
13,Canada,7.418,7.574405970149257,7.482,7.486,7.488,7.65,7.426,7.415,7.594,7.304,7.413,7.245,7.415,7.175,7.109,7.025,7.103,10.652,10.704677611940298,10.739,10.738,10.697,10.717,10.738,10.744,10.757,10.775,10.774,10.773,10.792,10.798,10.8,10.73,10.776,0.962,0.9494974337040198,0.9476460650128309,0.939,0.943,0.954,0.922,0.948,0.936,0.918,0.939,0.924,0.934,0.923,0.925,0.931,0.926,71.3,71.50137313432839,71.66,71.84,72.02,72.2,72.36,72.52,72.68,72.84,73.0,73.2,73.4,73.6,73.8,74.0,73.8,0.957,0.939450746268657,0.93,0.926,0.915,0.934,0.951,0.918,0.916,0.939,0.931,0.912,0.945,0.946,0.912,0.887,0.915,0.256,0.30305373134328306,0.249,0.262,0.246,0.23,0.253,0.29,0.316,0.27,0.253,0.211,0.163,0.106,0.112,0.05,0.089,0.503,0.43281194029850756,0.406,0.37,0.413,0.413,0.433,0.466,0.406,0.442,0.427,0.385,0.362,0.372,0.436,0.434,0.415,81.0,31.2,73.5,49.2,12.6
14,Chad,3.779048598553345,3.435,4.141,4.632,3.639,3.743,4.393,4.033,3.508,3.46,4.323,4.029,4.559,4.486,4.251,4.31226401446655,4.355,7.409559674502712,7.36,7.359,7.356,7.364,7.457,7.425,7.476,7.498,7.532,7.527,7.431,7.37,7.363,7.365,7.422403254972876,7.364,0.6680065551537069,0.724,0.479,0.571,0.646,0.734,0.819,0.673,0.714,0.733,0.751,0.616,0.661,0.577,0.64,0.6601844484629293,0.619,43.02631781193486,43.18,43.66,44.14,44.62,45.1,45.42,45.74,46.06,46.38,46.7,47.2,47.7,48.2,48.7,48.714321880650914,48.478,0.3724165913200821,0.306,0.295,0.527,0.401,0.505,0.54,0.563,0.488,0.567,0.474,0.525,0.615,0.65,0.537,0.6185840867992809,0.579,0.005255650994574923,0.028,-0.011,0.063,0.021,0.025,0.031,-0.034,-0.045,-0.07,-0.029,0.052,0.008,0.024,0.055,0.015193490054249414,0.041,0.9467127034358036,0.961,0.874,0.944,0.931,0.858,0.876,0.884,0.882,0.881,0.889,0.82,0.792,0.763,0.832,0.7971229656419538,0.807,46.0,38.3,69.3,2.4,66.5
15,Chile,6.262074999999999,6.063,5.698,5.789,6.494,6.636,6.526,6.599,6.74,6.844,6.533,6.579,6.32,6.436,5.942,6.151,6.172,9.872625000000003,9.85,9.887,9.911,9.885,9.931,9.98,10.023,10.053,10.059,10.07,10.074,10.072,10.097,10.095,10.02,10.071,0.8129000000000008,0.836,0.815,0.804,0.832,0.857,0.819,0.855,0.862,0.862,0.827,0.841,0.88,0.89,0.869,0.888,0.882,68.47500000000002,68.66,68.72,68.78,68.84,68.9,69.04,69.18,69.32,69.46,69.6,69.7,69.8,69.9,70.0,70.1,70.0,0.704275,0.744,0.662,0.64,0.747,0.786,0.701,0.734,0.737,0.733,0.769,0.652,0.79,0.789,0.659,0.781,0.742,0.2211500000000015,0.168,0.244,0.084,0.149,0.108,0.112,0.195,0.085,0.217,0.041,0.102,-0.02,-0.06,-0.103,0.033,-0.044,0.6780749999999998,0.634,0.723,0.741,0.734,0.702,0.753,0.782,0.741,0.758,0.812,0.858,0.836,0.816,0.86,0.812,0.83,12.0,45.9,78.6,14.2,3.1
16,China,4.591075000000004,4.56,4.863,4.846,4.454,4.653,5.037,5.095,5.241,5.196,5.304,5.325,5.099,5.131,5.144,5.771,5.339,8.729624999999999,8.696,8.824,8.911,8.996,9.092,9.179,9.249,9.319,9.386,9.449,9.51,9.571,9.632,9.688,9.702,9.673,0.7675249999999996,0.747,0.811,0.748,0.798,0.768,0.787,0.788,0.778,0.82,0.794,0.742,0.772,0.788,0.822,0.808,0.811,66.58587499999999,66.88,67.06,67.24,67.42,67.6,67.76,67.92,68.08,68.24,68.4,68.7,69.0,69.3,69.6,69.9,69.593,0.7662230769230796,0.7752769230769232,0.7843307692307704,0.853,0.771,0.805,0.824,0.808,0.805,0.8477076923076936,0.8567615384615408,0.8658153846153844,0.878,0.895,0.927,0.891,0.904,-0.16372857142857145,-0.16431428571428586,-0.176,-0.092,-0.16,-0.133,-0.186,-0.185,-0.158,-0.217,-0.244,-0.228,-0.175,-0.159,-0.173,-0.103,-0.146,0.755,0.755,0.755,0.755,0.755,0.755,0.755,0.755,0.755,0.755,0.755,0.755,0.755,0.755,0.755,0.755,0.755,3.0,51.0,78.9,7.7,12.1
17,Colombia,6.351100000000002,6.025,6.138,6.168,6.272,6.408,6.464,6.375,6.607,6.449,6.388,6.234,6.157,5.984,6.35,5.709,6.012,9.307724999999998,9.277,9.33,9.351,9.351,9.384,9.442,9.471,9.512,9.546,9.564,9.571,9.569,9.579,9.598,9.495,9.557,0.9158999999999997,0.91,0.894,0.88,0.886,0.893,0.904,0.914,0.901,0.907,0.89,0.882,0.909,0.871,0.873,0.797,0.847,64.75987500000002,65.22,65.34,65.46,65.58,65.7,65.92,66.14,66.36,66.58,66.8,67.1,67.4,67.7,68.0,68.3,68.001,0.7852750000000004,0.805,0.786,0.795,0.757,0.816,0.811,0.828,0.841,0.801,0.791,0.835,0.838,0.851,0.822,0.84,0.837,-0.011025000000000063,-0.015,-0.04,-0.042,-0.055,-0.05,-0.073,-0.009,-0.071,-0.09,-0.1,-0.1,-0.157,-0.148,-0.172,-0.085,-0.135,0.8276750000000002,0.808,0.86,0.763,0.837,0.815,0.847,0.868,0.898,0.887,0.843,0.898,0.875,0.855,0.854,0.808,0.841,6.0,48.9,74.2,9.0,13.1
18,Costa Rica,7.283810126582274,7.082,7.432,6.851,7.615,7.271,7.229,7.272,7.158,7.247,6.854,7.136,7.225,7.141,6.998,7.075898734177212,7.069,9.57375339059675,9.565,9.63,9.662,9.639,9.675,9.705,9.74,9.751,9.775,9.799,9.83,9.858,9.874,9.885,9.903716094032553,9.88,0.9204663200723324,0.937,0.918,0.916,0.9,0.915,0.892,0.902,0.902,0.914,0.878,0.901,0.922,0.876,0.906,0.8910867992766724,0.891,69.37990506329112,69.94,69.88,69.82,69.76,69.7,69.9,70.1,70.3,70.5,70.7,70.9,71.1,71.3,71.5,71.3759493670886,71.4,0.8931693037974688,0.882,0.923,0.912,0.886,0.881,0.926,0.929,0.898,0.927,0.907,0.873,0.936,0.942,0.927,0.9285569620253162,0.934,0.12165438517178728,0.06,0.098,0.096,0.065,0.047,-0.033,0.046,0.018,0.01,-0.059,-0.032,-0.076,-0.107,-0.146,-0.12179385171790358,-0.126,0.802507911392405,0.798,0.82,0.816,0.787,0.763,0.837,0.794,0.813,0.788,0.761,0.781,0.742,0.781,0.836,0.7886708860759493,0.809,14.0,45.7,69.4,14.5,4.2
19,Croatia,5.478403550295859,5.4961940828402405,5.821,5.531775147928997,5.433,5.596,5.385,6.028,5.885,5.381,5.205,5.417,5.343,5.536,5.626,6.508,5.882,10.04983727810651,10.059437869822487,10.162,10.078639053254436,10.104,10.091,10.091,10.072,10.069,10.072,10.104,10.146,10.189,10.224,10.258,10.166,10.217,0.7665106508875734,0.772782248520711,0.91,0.7853254437869825,0.861,0.796,0.79,0.776,0.751,0.646,0.768,0.798,0.77,0.91,0.936,0.923,0.924,66.14230355029599,66.44129408284039,67.12,67.03927514792906,67.64,67.9,68.0,68.1,68.2,68.3,68.4,69.0,69.6,70.2,70.8,71.4,70.799,0.48650828402367097,0.5037195266272221,0.662,0.5381420118343243,0.549,0.564,0.517,0.542,0.627,0.519,0.694,0.672,0.716,0.691,0.739,0.837,0.754,-0.20953964497041255,-0.20130059171597736,-0.092,-0.18482248520709987,-0.271,-0.237,-0.198,-0.242,-0.204,0.132,-0.096,-0.065,-0.104,-0.151,-0.137,-0.063,-0.118,0.9488378698224844,0.9467035502958572,0.934,0.9424349112426027,0.958,0.973,0.977,0.924,0.936,0.918,0.849,0.884,0.892,0.925,0.932,0.961,0.939,87.0,29.3,49.8,15.9,1.9
20,Czech Republic,6.439,6.286975042063943,6.5,6.372823051037585,6.415747055524406,6.25,6.331,6.334,6.698,6.484,6.608,6.736,6.79,7.034,6.844987100392601,6.897,6.965,10.324,10.365273696017951,10.437,10.392985417835114,10.406841278743695,10.419,10.435,10.426,10.42,10.446,10.496,10.518,10.558,10.583,10.545399887829504,10.53,10.556,0.919,0.9006404935501968,0.9,0.9049904655075722,0.9071654514862595,0.934,0.914,0.912,0.888,0.878,0.911,0.931,0.901,0.929,0.9289153112731356,0.964,0.947,67.0,66.96509478407188,67.44,67.48194167134045,67.7403651149748,68.1,68.24,68.38,68.52,68.66,68.8,69.3,69.8,70.3,70.3245995513181,71.3,70.807,0.865,0.7830888951205841,0.799,0.7902145260796418,0.7937773415591707,0.779,0.787,0.74,0.726,0.8,0.808,0.85,0.832,0.79,0.8294054963544593,0.906,0.858,-0.04616230366492147,-0.05740837696335177,-0.063,-0.07990052356020882,-0.09114659685863913,-0.042,-0.106,-0.154,-0.156,-0.168,-0.146,-0.197,-0.177,-0.292,-0.2036073298429315,-0.127,-0.208,0.901,0.9366794727986534,0.928,0.9278510936623672,0.9234369040942241,0.926,0.95,0.957,0.916,0.897,0.886,0.9,0.867,0.851,0.8792950084127877,0.884,0.868,102.0,25.6,64.8,24.3,5.9
21,Denmark,8.019,7.850776119402987,7.834,7.971,7.683,7.771,7.788,7.52,7.589,7.508,7.514,7.558,7.594,7.649,7.693,7.515,7.62,10.851,10.837907462686566,10.891,10.88,10.824,10.839,10.848,10.846,10.851,10.862,10.878,10.903,10.916,10.935,10.954,10.91,10.933,0.972,0.9606895522388061,0.954,0.954,0.939,0.975,0.962,0.951,0.965,0.956,0.96,0.954,0.952,0.958,0.958,0.947,0.954,69.6,69.61289552238804,69.92,70.08,70.24,70.4,70.62,70.84,71.06,71.28,71.5,71.8,72.1,72.4,72.7,73.0,72.7,0.971,0.9489253731343283,0.932,0.97,0.949,0.944,0.935,0.933,0.92,0.942,0.941,0.948,0.955,0.935,0.963,0.938,0.946,0.3328547619047626,0.3138190476190488,0.24,0.272,0.264,0.242,0.298,0.139,0.215,0.118,0.222,0.138,0.155,0.018,0.02,0.052,0.03,0.237,0.22085373134328368,0.206,0.248,0.206,0.175,0.22,0.187,0.17,0.237,0.191,0.21,0.181,0.151,0.174,0.214,0.179,103.0,25.3,80.9,44.7,5.5
22,Dominican Republic,4.894499999999994,5.088,5.081,4.842,5.432,4.735,5.397,4.753,5.016,5.387,5.062,5.239,5.605,5.433,6.004,5.168,5.545,9.270124999999993,9.314,9.372,9.391,9.388,9.456,9.475,9.489,9.525,9.582,9.637,9.691,9.725,9.782,9.821,9.802,9.802,0.8838500000000002,0.919,0.848,0.85,0.878,0.86,0.872,0.879,0.878,0.891,0.893,0.895,0.894,0.862,0.884,0.806,0.853,62.49974999999995,62.68,62.96,63.24,63.52,63.8,64.02,64.24,64.46,64.68,64.9,65.2,65.5,65.8,66.1,66.4,66.102,0.8598999999999999,0.858,0.886,0.848,0.863,0.824,0.848,0.84,0.889,0.905,0.856,0.873,0.855,0.867,0.877,0.835,0.86,0.02184999999999704,0.038,-0.008,-0.045,-0.053,-0.075,0.014,-0.062,0.021,-0.02,-0.065,-0.08,-0.121,-0.15,-0.123,-0.128,-0.133,0.784675,0.755,0.772,0.728,0.806,0.78,0.788,0.727,0.752,0.76,0.755,0.737,0.76,0.762,0.746,0.636,0.714,20.0,44.6,0.0,9.8,6.9
23,Egypt,5.168,4.949665671641782,5.541,4.632,5.066,4.669,4.174,4.204,3.559,4.885,4.763,4.557,3.929,4.005,4.328,4.472,4.283,9.036,9.124844776119406,9.135,9.186,9.213,9.244,9.24,9.24,9.239,9.245,9.266,9.287,9.307,9.338,9.373,9.383,9.367,0.848,0.7529552238805968,0.686,0.738,0.744,0.769,0.753,0.737,0.675,0.619,0.73,0.809,0.638,0.759,0.772,0.673,0.75,59.7,59.46831044776121,59.82,59.88,59.94,60.0,60.16,60.32,60.48,60.64,60.8,61.1,61.4,61.7,62.0,62.3,61.998,0.817,0.5768771064529385,0.609,0.5913530620632947,0.611,0.486,0.59,0.452,0.474,0.578,0.659,0.656,0.593,0.682,0.774,0.77,0.749,-0.0843869047619048,-0.09004761904761871,-0.121,-0.087,-0.1,-0.076,-0.151,-0.138,-0.141,-0.126,-0.089,-0.141,-0.152,-0.215,-0.199,-0.112,-0.182,0.8889962377727585,0.880756207674942,0.872516177577122,0.914,0.801,0.826,0.859,0.88,0.913,0.749,0.684,0.818,0.7901158765989429,0.7818758465011264,0.7736358164033099,0.7653957863054899,0.795,10.0,47.0,91.7,4.9,16.1
24,El Salvador,5.708100000000002,5.701,5.296,5.191,6.839,6.74,4.741,5.934,6.325,5.857,6.018,6.14,6.339,6.241,6.455,5.462,6.061,8.8549,8.873,8.887,8.908,8.883,8.9,8.933,8.956,8.974,8.986,9.005,9.025,9.042,9.061,9.08,9.019,9.054,0.782025,0.878,0.717,0.747,0.734,0.757,0.731,0.806,0.827,0.798,0.791,0.794,0.829,0.82,0.764,0.696,0.762,62.82974999999999,62.92,63.24,63.56,63.88,64.2,64.4,64.6,64.8,65.0,65.2,65.5,65.8,66.1,66.4,66.7,66.402,0.6008250000000004,0.683,0.639,0.636,0.671,0.669,0.747,0.683,0.716,0.778,0.733,0.8,0.758,0.863,0.877,0.924,0.888,-0.07312499999999922,-0.056,-0.015,-0.078,-0.103,-0.064,-0.126,-0.155,-0.15,-0.194,-0.156,-0.185,-0.172,-0.095,-0.109,-0.126,-0.11,0.7719750000000003,0.807,0.785,0.735,0.648,0.694,0.707,0.786,0.772,0.781,0.805,0.797,0.778,0.801,0.682,0.583,0.688,42.0,38.9,65.7,7.6,9.8
25,Estonia,5.062320758564425,5.371,5.332,5.452,5.138,5.410305057096224,5.487,5.364,5.367,5.556,5.629,5.65,5.938,6.091,6.035,6.453,6.189,10.201819535073412,10.27,10.347,10.298,10.144,10.288296900489392,10.248,10.282,10.299,10.331,10.348,10.374,10.429,10.472,10.511,10.459,10.481,0.8836539559543235,0.91,0.896,0.904,0.874,0.902859706362154,0.909,0.889,0.901,0.917,0.918,0.938,0.936,0.933,0.934,0.958,0.941,65.06239804241437,64.86,65.32,65.78,66.24,66.41598694942905,66.96,67.22,67.48,67.74,68.0,68.2,68.4,68.6,68.8,69.0,68.8,0.6264153752039121,0.749,0.712,0.642,0.611,0.7192691680261021,0.735,0.697,0.754,0.773,0.815,0.843,0.862,0.886,0.887,0.954,0.909,-0.2651737357259343,-0.264,-0.246,-0.217,-0.23,-0.20915823817291823,-0.168,-0.192,-0.201,-0.153,-0.164,-0.149,-0.101,-0.141,-0.096,-0.082,-0.106,0.8163774469820524,0.797,0.743,0.663,0.793,0.7250163132137004,0.687,0.793,0.726,0.652,0.569,0.639,0.668,0.621,0.576,0.398,0.527,62.0,34.7,56.4,22.1,12.5
26,Finland,7.375903294367696,7.672,7.427324123273117,7.671,7.4787449521785305,7.393,7.354,7.42,7.445,7.385,7.448,7.66,7.788,7.858,7.78,7.889,7.842,10.738446865037194,10.745,10.741304463336876,10.796,10.744162061636557,10.734,10.754,10.735,10.722,10.714,10.716,10.74,10.768,10.783,10.792,10.75,10.775,0.9439495217853348,0.965,0.945114240170032,0.951,0.9462789585547292,0.935,0.938,0.928,0.941,0.952,0.948,0.954,0.964,0.962,0.937,0.962,0.954,69.69522848034012,69.76,70.0276408076515,70.08,70.36005313496287,70.4,70.64,70.88,71.12,71.36,71.6,71.7,71.8,71.9,72.0,72.1,72.0,0.9310812964930923,0.969,0.9330791710945803,0.934,0.9350770456960682,0.916,0.936,0.921,0.919,0.933,0.93,0.948,0.962,0.938,0.948,0.962,0.949,0.09654941551541185,-0.005,0.07486184909670612,0.028,0.05317428267800395,0.091,0.101,-0.001,0.04,-0.001,0.111,-0.027,-0.002,-0.127,-0.052,-0.116,-0.098,0.30045111583421935,0.132,0.2884001062699255,0.217,0.27634909670563346,0.413,0.32,0.361,0.306,0.265,0.223,0.25,0.192,0.199,0.195,0.164,0.186,101.0,25.6,76.7,43.5,6.3
27,France,7.093,6.583,6.7545172413793075,7.008,6.283,6.798,6.959,6.649,6.667,6.467,6.358,6.475,6.635,6.666,6.69,6.714,6.69,10.642,10.659,10.653103448275862,10.674,10.639,10.654,10.671,10.669,10.669,10.674,10.682,10.69,10.711,10.727,10.74,10.643,10.704,0.94,0.944,0.9264137931034483,0.935,0.918,0.943,0.921,0.937,0.908,0.878,0.896,0.885,0.931,0.921,0.958,0.947,0.942,71.3,71.48,71.67241379310343,71.84,72.02,72.2,72.4,72.6,72.8,73.0,73.2,73.4,73.6,73.8,74.0,74.2,74.0,0.895,0.789,0.8446206896551725,0.833,0.798,0.85,0.903,0.841,0.878,0.803,0.817,0.787,0.834,0.816,0.827,0.823,0.822,-0.0011464737793858149,0.126,-0.02365099457504627,-0.031,-0.082,-0.104,-0.102,-0.149,-0.125,-0.118,-0.139,-0.091,-0.123,-0.138,-0.133,-0.169,-0.147,0.688,0.699,0.6781551724137937,0.669,0.654,0.623,0.627,0.608,0.699,0.656,0.641,0.623,0.601,0.582,0.568,0.565,0.571,85.0,29.9,70.2,44.7,8.2
28,Georgia,3.6240999999999985,3.675,3.707,4.156,3.801,4.102,4.203,4.254,4.349,4.288,4.122,4.448,4.451,4.659,4.892,5.123,4.891,9.009450000000001,8.993,9.117,9.144,9.116,9.184,9.263,9.332,9.371,9.414,9.442,9.47,9.517,9.565,9.617,9.569,9.585,0.5298749999999988,0.647,0.548,0.608,0.544,0.54,0.503,0.533,0.559,0.558,0.517,0.533,0.59,0.617,0.675,0.718,0.671,65.22000000000003,65.12,65.04,64.96,64.88,64.8,64.86,64.92,64.98,65.04,65.1,64.9,64.7,64.5,64.3,64.1,64.3,0.49244999999999806,0.553,0.464,0.614,0.495,0.558,0.632,0.659,0.722,0.72,0.64,0.606,0.821,0.775,0.811,0.764,0.783,-0.25509999999999966,-0.267,-0.267,-0.224,-0.233,-0.248,-0.255,-0.269,-0.254,-0.233,-0.205,-0.249,-0.244,-0.233,-0.26,-0.221,-0.238,0.5016000000000016,0.752,0.697,0.498,0.535,0.46,0.353,0.321,0.349,0.416,0.502,0.561,0.59,0.755,0.647,0.583,0.655,32.0,40.5,66.8,5.1,25.3
29,Germany,6.62,6.49890447761193,6.417,6.522,6.641,6.725,6.621,6.702,6.965,6.984,7.037,6.874,7.074,7.118,7.035,7.312,7.155,10.689,10.73033432835821,10.759,10.77,10.714,10.756,10.813,10.816,10.817,10.835,10.844,10.858,10.878,10.89,10.893,10.833,10.873,0.963,0.9471373134328358,0.926,0.923,0.935,0.939,0.947,0.926,0.931,0.938,0.926,0.906,0.892,0.92,0.886,0.905,0.903,70.2,70.21934328358208,70.48,70.62,70.76,70.9,70.98,71.06,71.14,71.22,71.3,71.6,71.9,72.2,72.5,72.8,72.5,0.847,0.8352119402985076,0.801,0.766,0.844,0.843,0.906,0.904,0.894,0.899,0.889,0.871,0.841,0.877,0.885,0.864,0.875,0.15332189349112468,0.14553017751479302,0.167,0.1299467455621297,0.127,0.095,0.033,0.071,0.024,0.088,0.178,0.148,0.145,0.034,0.057,-0.06,0.011,0.781,0.7744507462686627,0.792,0.758,0.69,0.688,0.677,0.679,0.566,0.474,0.412,0.446,0.414,0.496,0.462,0.424,0.46,89.0,29.0,79.1,45.3,9.5
30,Ghana,4.670875000000002,4.535,5.22,4.965,4.198,4.606,5.608,5.057,4.965,3.86,3.986,4.514,5.481,5.004,4.967,5.319,5.088,8.064525000000003,8.073,8.09,8.152,8.174,8.225,8.332,8.397,8.445,8.45,8.449,8.46,8.517,8.555,8.596,8.59,8.58,0.6858000000000002,0.728,0.73,0.622,0.633,0.739,0.724,0.685,0.676,0.651,0.687,0.647,0.669,0.761,0.746,0.643,0.727,52.13175000000001,52.34,52.78,53.22,53.66,54.1,54.48,54.86,55.24,55.62,56.0,56.4,56.8,57.2,57.6,58.0,57.586,0.8328250000000006,0.849,0.891,0.838,0.757,0.891,0.852,0.679,0.794,0.677,0.852,0.751,0.783,0.817,0.787,0.824,0.807,0.07072500000000004,0.213,0.138,0.12,0.005,0.074,0.011,0.04,-0.065,0.001,-0.038,0.09,0.079,0.062,0.116,0.2,0.123,0.8421500000000002,0.814,0.771,0.863,0.89,0.875,0.79,0.898,0.88,0.913,0.945,0.894,0.839,0.846,0.857,0.847,0.848,47.0,38.3,66.1,4.4,34.9
31,Greece,6.006,5.8169046444718475,6.647,5.751407727085905,6.039,5.84,5.372,5.096,4.72,4.756,5.623,5.303,5.148,5.409,5.952,5.788,5.723,10.462,10.457259967118787,10.543,10.424560830250726,10.491,10.433,10.339,10.268,10.243,10.257,10.259,10.261,10.278,10.299,10.319,10.215,10.279,0.837,0.8181927661323469,0.808,0.8163826551582407,0.793,0.868,0.852,0.812,0.687,0.832,0.835,0.803,0.753,0.794,0.891,0.779,0.823,70.5,70.79048499794493,70.9,71.05275380189067,71.3,71.5,71.56,71.62,71.68,71.74,71.8,72.0,72.2,72.4,72.6,72.8,72.6,0.734,0.5234597205096585,0.575,0.5210170571311137,0.443,0.484,0.528,0.373,0.426,0.369,0.532,0.482,0.438,0.564,0.614,0.565,0.582,-0.26663076923076945,-0.26821538461538497,-0.19,-0.27138461538461556,-0.293,-0.303,-0.316,-0.305,-0.272,-0.288,-0.272,-0.26,-0.29,-0.335,-0.289,-0.241,-0.288,0.861,0.9343220304151245,0.845,0.9217437320180828,0.959,0.954,0.941,0.959,0.941,0.93,0.824,0.898,0.872,0.86,0.848,0.764,0.823,71.0,33.2,67.7,18.4,14.8
32,Guatemala,6.090625452079564,5.901,6.33,6.414,6.452,6.29,5.743,5.856,5.985,6.536,6.465,6.359,6.325,6.627,6.262,6.415495479204338,6.435,8.843748643761298,8.85,8.891,8.904,8.891,8.901,8.923,8.935,8.953,8.98,9.003,9.013,9.026,9.042,9.064,9.063513562386976,9.053,0.8481663652802887,0.83,0.866,0.866,0.834,0.859,0.768,0.802,0.83,0.834,0.823,0.811,0.826,0.841,0.774,0.8053363471971062,0.813,60.553126130199075,60.74,61.08,61.42,61.76,62.1,62.46,62.82,63.18,63.54,63.9,64.2,64.5,64.8,65.1,65.29623869801094,64.958,0.6173899186256762,0.663,0.628,0.63,0.643,0.696,0.763,0.865,0.884,0.843,0.869,0.863,0.915,0.91,0.901,0.9543508137432184,0.906,0.20450022603978368,0.172,0.136,0.206,0.197,0.166,0.009,0.02,0.045,0.108,0.051,0.011,-0.059,-0.01,-0.062,-0.057752260397833766,-0.038,0.7882841320072335,0.706,0.81,0.796,0.755,0.795,0.863,0.821,0.817,0.804,0.822,0.812,0.8,0.765,0.773,0.7994086799276673,0.775,21.0,44.5,,5.6,25.3
33,Honduras,5.124090867992763,5.397,5.097,5.42,6.033,5.866,4.961,4.602,4.713,5.056,4.845,5.648,6.02,5.908,5.93,5.688591320072334,5.919,8.444856464737793,8.462,8.5,8.52,8.474,8.49,8.508,8.53,8.54,8.552,8.572,8.593,8.624,8.643,8.653,8.647685352622062,8.648,0.8371466998191677,0.933,0.819,0.828,0.824,0.803,0.766,0.779,0.792,0.79,0.772,0.774,0.843,0.827,0.797,0.7877830018083181,0.812,64.4603300180832,64.54,64.78,65.02,65.26,65.5,65.72,65.94,66.16,66.38,66.6,66.8,67.0,67.2,67.4,67.52169981916819,67.3,0.6118835895117556,0.65,0.676,0.687,0.661,0.646,0.783,0.7,0.698,0.696,0.534,0.85,0.898,0.872,0.846,0.8444141048824605,0.857,0.1392355334538884,0.089,0.23,0.223,0.119,0.105,0.095,-0.003,-0.027,0.015,-0.097,0.08,0.072,0.099,0.063,0.022144665461121704,0.081,0.8651672694394197,0.844,0.826,0.863,0.857,0.82,0.884,0.871,0.868,0.834,0.848,0.793,0.783,0.804,0.815,0.8083273056057854,0.809,7.0,48.3,,4.8,34.8
34,Hungary,5.194,4.665402383888193,4.954,4.841589806822839,4.895,4.725,4.918,4.683,4.914,5.181,5.344,5.449,6.065,5.936,6.0,6.038,5.992,10.108,10.061284217016038,10.153,10.100698520345261,10.097,10.106,10.127,10.117,10.14,10.183,10.223,10.248,10.293,10.344,10.393,10.335,10.358,0.93,0.8959254007398276,0.931,0.8985086313193591,0.901,0.896,0.894,0.906,0.877,0.845,0.859,0.9,0.877,0.941,0.947,0.943,0.943,64.6,64.62005754212913,65.0,65.09354706124134,65.4,65.6,65.76,65.92,66.08,66.24,66.4,66.8,67.2,67.6,68.0,68.4,68.0,0.697,0.5267235922729157,0.538,0.5518542951089209,0.464,0.514,0.631,0.569,0.674,0.494,0.558,0.554,0.661,0.693,0.798,0.771,0.755,-0.11572721893491256,-0.12002130177514836,-0.161,-0.12860946745562174,-0.125,-0.145,-0.089,-0.136,-0.113,-0.15,-0.198,-0.187,-0.139,-0.243,-0.195,-0.12,-0.186,0.903,0.9315994656802289,0.895,0.9244884915741869,0.915,0.983,0.94,0.93,0.912,0.855,0.908,0.924,0.886,0.911,0.884,0.836,0.876,91.0,28.7,45.3,18.2,1.0
35,India,5.3145999999999844,5.348,5.027,5.146,4.522,4.989,4.635,4.72,4.428,4.424,4.342,4.179,4.046,3.818,3.249,4.225,3.819,8.113475000000008,8.145,8.204,8.22,8.281,8.349,8.387,8.428,8.478,8.538,8.604,8.673,8.73,8.779,8.818,8.703,8.755,0.6283750000000001,0.707,0.569,0.684,0.653,0.605,0.553,0.511,0.553,0.621,0.61,0.614,0.607,0.638,0.561,0.617,0.603,55.538374999999974,55.72,56.14,56.56,56.98,57.4,57.7,58.0,58.3,58.6,58.9,59.3,59.7,60.1,60.5,60.9,60.633,0.6914499999999997,0.774,0.729,0.756,0.679,0.783,0.838,0.609,0.74,0.809,0.777,0.82,0.886,0.89,0.876,0.906,0.893,-0.0571702380952388,-0.0481809523809531,-0.051,-0.072,-0.026,0.058,-0.038,0.067,0.084,-0.026,-0.005,0.046,-0.042,0.085,0.112,0.075,0.089,0.9009500000000017,0.855,0.862,0.891,0.895,0.863,0.908,0.83,0.832,0.832,0.776,0.765,0.781,0.805,0.752,0.78,0.774,9.0,47.9,83.0,2.9,60.4
36,Indonesia,5.112140822784809,4.947,5.101,4.815,5.472,5.457,5.173,5.368,5.292,5.597,5.043,5.136,5.098,5.34,5.347,5.3413417721519,5.345,8.83552893309222,8.85,8.898,8.943,8.975,9.022,9.069,9.114,9.155,9.19,9.225,9.262,9.3,9.339,9.377,9.399710669077763,9.365,0.751334086799277,0.771,0.704,0.675,0.779,0.816,0.825,0.834,0.794,0.905,0.809,0.792,0.796,0.809,0.802,0.8321591320072343,0.811,59.58751356238702,59.84,59.98,60.12,60.26,60.4,60.62,60.84,61.06,61.28,61.5,61.7,61.9,62.1,62.3,62.354864376130195,62.236,0.6478609855334554,0.713,0.603,0.596,0.784,0.7,0.878,0.77,0.781,0.719,0.779,0.83,0.865,0.879,0.866,0.8856401446654658,0.873,0.23830018083183546,0.347,0.311,0.164,0.191,0.448,0.438,0.354,0.376,0.408,0.471,0.5,0.488,0.512,0.555,0.55199819168174,0.542,0.9750009041591312,0.915,0.96,0.968,0.911,0.954,0.962,0.962,0.973,0.97,0.946,0.89,0.9,0.868,0.861,0.88599095840868,0.867,15.0,45.7,83.7,4.6,33.8
37,Iran,5.308,5.15377857142856,5.336,5.129,5.041522321428573,5.004103571428573,4.768,4.609,5.14,4.682,4.75,4.653,4.717,4.278,5.006,4.865,4.721,9.393,9.440567810457518,9.497,9.489,9.466653594771243,9.47534885620915,9.547,9.458,9.443,9.476,9.449,9.561,9.584,9.544910947712419,9.553606209150326,9.562301470588233,9.584,0.766,0.6587428571428572,0.718,0.633,0.6607678571428571,0.6614428571428571,0.582,0.6,0.664,0.644,0.572,0.566,0.714,0.674,0.698,0.757,0.71,62.0,62.551142857142736,62.76,63.14,63.39714285714274,63.67914285714278,64.14,64.38,64.62,64.86,65.1,65.4,65.7,66.0,66.3,66.6,66.3,0.651,0.68165,0.533,0.601,0.68215625,0.682325,0.798,0.764,0.73,0.767,0.78,0.773,0.731,0.603,0.623,0.6,0.608,0.06946657183499383,0.08164580369843577,0.056,0.052,0.1181834992887616,0.13036273115220354,0.2,0.15472119487908742,0.216,0.241,0.176,0.186,0.218,0.22779658605974262,0.23997581792318456,0.2521550497866265,0.218,0.636,0.7434428571428571,0.872,0.868,0.7332053571428574,0.7297928571428569,0.665,0.678,0.685,0.64,0.699,0.713,0.715,0.703,0.728,0.71,0.714,43.0,38.8,67.3,12.5,2.5
38,Ireland,7.173066003616636,7.144,7.149737793851717,7.568,7.046,7.257,7.007,6.965,6.76,7.018,6.83,7.041,7.06,6.962,7.255,7.035,7.085,10.73493535262206,10.972,10.812934900542487,10.929,10.866,10.879,10.878,10.876,10.884,10.959,11.174,11.199,11.266,11.332,11.371,11.323,11.342,0.9776966546112114,0.967,0.9735406871609396,0.983,0.959,0.973,0.977,0.962,0.955,0.968,0.953,0.958,0.943,0.938,0.944,0.96,0.947,70.56466546112111,70.14,70.83406871609398,70.82,71.16,71.5,71.6,71.7,71.8,71.9,72.0,72.1,72.2,72.3,72.4,72.5,72.4,0.9053331826401445,0.943,0.9022585895117539,0.894,0.835,0.856,0.952,0.902,0.884,0.922,0.892,0.875,0.905,0.861,0.892,0.882,0.879,0.4077233273056109,0.242,0.36777034358047445,0.322,0.315,0.348,0.383,0.302,0.331,0.264,0.233,0.174,0.216,0.144,0.074,0.014,0.077,0.6068987341772143,0.473,0.57377215189873,0.487,0.58,0.618,0.59,0.573,0.558,0.406,0.409,0.399,0.337,0.362,0.373,0.356,0.363,84.0,30.3,81.3,38.0,9.2
39,Israel,7.217975,7.173,6.841,7.261,7.353,7.359,7.433,7.111,7.321,7.401,7.079,7.159,7.331,6.927,7.332,7.195,7.157,10.399925,10.389,10.428,10.44,10.425,10.461,10.489,10.493,10.515,10.533,10.536,10.555,10.57,10.585,10.601,10.538,10.575,0.8786499999999995,0.927,0.868,0.859,0.937,0.882,0.893,0.903,0.909,0.889,0.864,0.89,0.916,0.91,0.946,0.959,0.939,71.319625,71.12,71.44,71.76,72.08,72.4,72.46,72.52,72.58,72.64,72.7,72.9,73.1,73.3,73.5,73.7,73.503,0.6452999999999989,0.817,0.683,0.663,0.593,0.561,0.722,0.681,0.739,0.707,0.753,0.772,0.768,0.725,0.834,0.831,0.8,0.22211785714285526,0.21037142857142754,0.219,0.139,0.172,0.15,0.141,0.153,0.15,0.094,0.108,0.153,0.145,0.055,0.085,-0.049,0.031,0.936874999999997,0.905,0.868,0.898,0.923,0.902,0.891,0.862,0.849,0.818,0.789,0.804,0.793,0.77,0.743,0.748,0.753,54.0,36.9,74.2,25.8,19.5
40,Italy,6.854,6.416620895522392,6.574,6.78,6.334,6.354,6.057,5.839,6.009,6.027,5.848,5.955,6.199,6.517,6.445,6.488,6.483,10.703,10.6941223880597,10.727,10.711,10.652,10.666,10.671,10.638,10.608,10.599,10.608,10.622,10.64,10.65,10.655,10.563,10.623,0.928,0.9041462686567163,0.912,0.88,0.88,0.872,0.913,0.869,0.916,0.898,0.909,0.927,0.92,0.913,0.838,0.89,0.88,71.9,72.15331343283583,72.26,72.44,72.62,72.8,72.84,72.88,72.92,72.96,73.0,73.2,73.4,73.6,73.8,74.0,73.8,0.802,0.6504268656716419,0.684,0.543,0.701,0.738,0.568,0.57,0.499,0.624,0.575,0.624,0.633,0.65,0.709,0.718,0.693,0.12586190476190495,0.11004761904762006,0.113,0.049,0.24,-0.06,-0.018,0.113,-0.102,-0.065,-0.064,-0.081,-0.035,-0.021,-0.082,-0.15,-0.084,0.944,0.94324776119403,0.922,0.946,0.89,0.921,0.933,0.908,0.943,0.92,0.913,0.903,0.867,0.888,0.866,0.844,0.866,70.0,33.3,66.0,34.3,13.7
41,Japan,6.516,6.163773134328359,6.238,5.911,5.845,6.057,6.263,5.968,5.959,5.923,5.88,5.955,5.911,5.794,5.908,6.118,5.94,10.529,10.520704477611941,10.558,10.546,10.491,10.532,10.532,10.549,10.57,10.575,10.588,10.595,10.618,10.623,10.632,10.58,10.611,0.928,0.9194417910447763,0.938,0.887,0.888,0.902,0.917,0.905,0.924,0.9,0.923,0.9,0.882,0.886,0.878,0.887,0.884,73.2,73.33862686567167,73.44,73.56,73.68,73.8,73.98,74.16,74.34,74.52,74.7,74.8,74.9,75.0,75.1,75.2,75.1,0.868,0.7977552238805972,0.796,0.772,0.73,0.772,0.814,0.753,0.821,0.838,0.832,0.836,0.849,0.773,0.806,0.806,0.796,-0.07356010362694576,-0.08402227979274812,-0.09,-0.135,-0.21,-0.14,-0.052,-0.14679533678756584,-0.147,-0.139,-0.155,-0.062,-0.206,-0.261,-0.255,-0.259,-0.258,0.699,0.7692985074626861,0.809,0.816,0.74,0.77,0.734,0.692,0.65,0.617,0.654,0.698,0.659,0.687,0.617,0.609,0.638,86.0,29.9,60.9,34.8,16.1
42,Jordan,6.295,5.932564179104503,5.598,4.93,6.0,5.57,5.539,5.132,5.172,5.333,5.405,5.271,4.808,4.639,4.453,4.094,4.395,9.246,9.323832835820891,9.321,9.343,9.347,9.317,9.289,9.261,9.237,9.222,9.207,9.197,9.194,9.196,9.201,9.15,9.182,0.92,0.8883880597014908,0.841,0.766,0.899,0.918,0.878,0.829,0.84,0.816,0.83,0.82,0.815,0.8,0.793,0.709,0.767,63.5,63.803223880597045,63.98,64.22,64.46,64.7,65.0,65.3,65.6,65.9,66.2,66.4,66.6,66.8,67.0,67.2,67.0,0.708155621301775,0.711873964497042,0.646,0.7193106508875742,0.771,0.788,0.76,0.693,0.692,0.729,0.767,0.771,0.766,0.762,0.726,0.779,0.755,-0.07918214285714242,-0.08362857142857116,-0.112,-0.127,-0.075,-0.046,-0.143,-0.16,-0.117,-0.104,-0.046,-0.038,-0.152,-0.186,-0.165,-0.15,-0.167,0.67,0.6910000000000003,0.664,0.709,0.739,0.6974,0.6990000000000003,0.7006000000000001,0.7021999999999999,0.7038000000000002,0.7054,0.7070000000000003,0.7086000000000001,0.7101999999999999,0.7118000000000002,0.7134,0.705,33.0,40.0,76.1,8.7,2.1
43,Kazakhstan,5.4762249999999995,5.476,5.719,5.886,5.383,5.514,5.736,5.759,5.835,5.97,5.95,5.534,5.882,6.008,6.272,6.168,6.152,9.832799999999999,9.804,9.878,9.898,9.884,9.94,9.997,10.03,10.074,10.101,10.098,10.095,10.121,10.148,10.179,10.135,10.155,0.8468000000000018,0.872,0.861,0.839,0.893,0.904,0.905,0.892,0.889,0.795,0.931,0.928,0.914,0.937,0.951,0.966,0.952,57.65499999999997,58.2,58.7,59.2,59.7,60.2,60.72,61.24,61.76,62.28,62.8,63.4,64.0,64.6,65.2,65.8,65.2,0.7695499999999997,0.731,0.806,0.727,0.856,0.785,0.878,0.84,0.782,0.799,0.74,0.783,0.745,0.84,0.852,0.872,0.853,-0.28412499999999596,-0.274,-0.246,-0.221,-0.249,-0.215,-0.235,-0.171,-0.229,0.004,-0.037,-0.036,-0.035,-0.098,-0.055,-0.056,-0.069,0.89865,0.865,0.865,0.899,0.845,0.823,0.802,0.877,0.82,0.805,0.714,0.702,0.755,0.824,0.708,0.661,0.733,90.0,28.8,92.6,9.8,0.4
44,Kenya,4.196449999999999,4.223,4.576,4.015,4.27,4.256,4.405,4.547,3.795,4.905,4.358,4.396,4.476,4.656,4.619,4.547,4.607,7.9954250000000044,8.039,8.078,8.052,8.057,8.111,8.143,8.161,8.192,8.219,8.249,8.282,8.306,8.344,8.373,8.365,8.361,0.8917750000000026,0.909,0.841,0.827,0.789,0.805,0.846,0.831,0.825,0.765,0.777,0.706,0.715,0.707,0.676,0.674,0.688,51.069499999999834,50.22,51.54,52.86,54.18,55.5,56.06,56.62,57.18,57.74,58.3,58.9,59.5,60.1,60.7,61.3,60.704,0.6181999999999981,0.616,0.75,0.62,0.584,0.635,0.709,0.628,0.708,0.819,0.793,0.749,0.853,0.821,0.818,0.702,0.779,-0.04104999999999848,-0.02,0.054,-0.012,0.1,0.019,0.022,0.066,0.212,0.172,0.221,0.298,0.234,0.291,0.31,0.26,0.287,0.8989499999999992,0.86,0.799,0.909,0.913,0.918,0.923,0.911,0.861,0.849,0.853,0.828,0.854,0.844,0.794,0.837,0.825,30.0,41.6,77.2,,
45,Kyrgyzstan,4.552500000000009,4.641,4.698,4.737,5.069,4.996,4.921,5.208,5.402,5.252,4.905,4.857,5.63,5.297,5.685,6.25,5.744,8.2299,8.185,8.258,8.329,8.345,8.329,8.374,8.357,8.441,8.46,8.477,8.5,8.526,8.543,8.567,8.503,8.538,0.8317499999999995,0.844,0.833,0.792,0.855,0.885,0.891,0.856,0.851,0.898,0.857,0.914,0.883,0.898,0.877,0.902,0.893,59.599875,59.98,60.26,60.54,60.82,61.1,61.52,61.94,62.36,62.78,63.2,63.5,63.8,64.1,64.4,64.7,64.401,0.6269750000000016,0.678,0.684,0.719,0.699,0.72,0.748,0.703,0.755,0.736,0.813,0.814,0.859,0.945,0.92,0.935,0.935,-0.16362499999999613,-0.14,-0.091,-0.1,-0.14,-0.072,-0.155,-0.079,-0.085,0.355,0.2,0.056,0.143,0.267,-0.002,0.103,0.119,0.9083999999999999,0.879,0.929,0.923,0.896,0.926,0.932,0.892,0.9,0.897,0.858,0.917,0.874,0.907,0.885,0.931,0.908,65.0,34.1,62.9,4.4,23.3
46,Latvia,4.510353588907009,4.71,4.667,5.145,4.669,5.058357259380102,4.967,5.125,5.07,5.729,5.881,5.94,5.978,5.901,5.97,6.229,6.032,9.986269371941269,10.032,10.136,10.112,9.975,10.090962479608486,10.029,10.082,10.116,10.144,10.185,10.211,10.257,10.307,10.336,10.3,10.315,0.8206757748776514,0.884,0.836,0.855,0.807,0.8538384991843397,0.836,0.851,0.834,0.881,0.879,0.917,0.895,0.913,0.936,0.928,0.927,63.06027732463292,63.16,63.52,63.88,64.24,64.46851549755308,64.86,65.12,65.38,65.64,65.9,66.2,66.5,66.8,67.1,67.4,67.1,0.564629078303426,0.641,0.7,0.63,0.437,0.6123605220228399,0.564,0.564,0.631,0.671,0.656,0.685,0.7,0.608,0.698,0.82,0.715,-0.14397410277324685,-0.229,-0.167,-0.203,-0.18,-0.13666068515497587,-0.002,-0.038,-0.073,-0.043,-0.077,-0.156,-0.154,-0.212,-0.194,-0.078,-0.162,0.9566774061990237,0.937,0.924,0.926,0.942,0.9001827079934763,0.934,0.895,0.837,0.804,0.808,0.868,0.798,0.799,0.789,0.809,0.8,56.0,36.3,53.6,25.2,0.9
47,Lithuania,5.399550000000005,5.954,5.808,5.554,5.467,5.066,5.432,5.771,5.596,6.126,5.711,5.866,6.273,6.309,6.064,6.391,6.255,10.00950000000001,10.046,10.163,10.199,10.05,10.085,10.167,10.218,10.263,10.306,10.335,10.373,10.429,10.474,10.518,10.504,10.499,0.9148499999999997,0.93,0.941,0.914,0.933,0.882,0.911,0.919,0.913,0.908,0.929,0.938,0.926,0.929,0.918,0.953,0.935,62.63424999999995,63.14,63.48,63.82,64.16,64.5,64.7,64.9,65.1,65.3,65.5,66.1,66.7,67.3,67.9,68.5,67.906,0.47632499999999567,0.567,0.59,0.621,0.496,0.519,0.566,0.503,0.556,0.508,0.641,0.614,0.749,0.699,0.78,0.824,0.773,-0.29375000000000107,-0.295,-0.282,-0.259,-0.303,-0.275,-0.148,-0.273,-0.237,-0.263,-0.254,-0.266,-0.174,-0.237,-0.251,-0.122,-0.203,1.0169999999999995,0.967,0.966,0.961,0.979,0.962,0.964,0.957,0.936,0.956,0.924,0.949,0.79,0.852,0.783,0.829,0.826,64.0,34.2,51.6,18.2,2.7
48,Luxembourg,6.8198821947283506,6.846007530930606,6.872132867132869,6.898258203335125,6.958,7.097,7.101,6.964,7.131,6.891,6.702,6.967,7.061,7.243,7.404,7.211762237762237,7.324,11.536301775147928,11.544035502958579,11.55176923076923,11.55950295857988,11.562,11.592,11.595,11.567,11.58,11.598,11.617,11.64,11.634,11.645,11.648,11.65230769230769,11.647,0.946073695535234,0.9432920925228618,0.9405104895104897,0.9377288864981175,0.939,0.952,0.934,0.914,0.917,0.875,0.934,0.941,0.905,0.902,0.912,0.9043496503496504,0.908,71.33484669176981,71.43329747175905,71.53174825174828,71.63019903173752,71.44,71.7,71.88,72.06,72.24,72.42,72.6,72.6,72.6,72.6,72.6,72.81160839160843,72.6,0.9231732114039808,0.9215551371705217,0.9199370629370631,0.9183189887036041,0.939,0.908,0.962,0.917,0.79,0.938,0.932,0.882,0.903,0.884,0.93,0.8989020979020981,0.907,0.1612361484669158,0.14835933297471726,0.13548251748251516,0.12260570199031662,0.127,0.096,0.106,0.059,-0.054,0.106,0.052,0.019,0.044,-0.022,-0.045,-0.031916083916087246,-0.034,0.40881118881118894,0.4055874125874128,0.4023636363636367,0.3991398601398606,0.432,0.423,0.388,0.403,0.301,0.366,0.375,0.356,0.33,0.385,0.39,0.36045454545454536,0.386,93.0,28.4,68.1,61.8,8.1
49,Madagascar,4.048159264931087,3.98,4.037597243491577,4.64,4.027035222052067,4.021754211332311,4.381,3.551,3.816,3.676,3.593,3.663,4.079,4.071,4.339,3.9689441041347617,4.208,7.363813169984686,7.376,7.364799387442573,7.439,7.365785604900459,7.366278713629403,7.336,7.339,7.334,7.34,7.344,7.356,7.368,7.386,7.406,7.371209800918836,7.396,0.7497695252679932,0.711,0.7385107197549772,0.776,0.7272519142419611,0.7216225114854513,0.818,0.673,0.673,0.655,0.647,0.746,0.626,0.666,0.701,0.6653284839203675,0.686,53.89566998468604,54.04,54.666887442572715,54.92,55.43810490045939,55.82371362940273,56.22,56.64,57.06,57.48,57.9,58.3,58.7,59.1,59.5,59.67980091883612,59.305,0.38686762860727697,0.4002296110414072,0.41359159347553387,0.332,0.44031555834379077,0.45367754077791744,0.546,0.487,0.48,0.529,0.545,0.57,0.57,0.551,0.55,0.5872973651191984,0.552,-0.07723736600306275,-0.039,-0.06864012251148566,-0.099,-0.06004287901990857,-0.05574425727412091,-0.062,-0.055,-0.019,-0.023,-0.041,-0.069,-0.033,0.003,-0.012,-0.01275803981623369,-0.005,0.856041405269762,0.853752823086575,0.8514642409033879,0.773,0.8468870765370138,0.8445984943538267,0.897,0.854,0.868,0.791,0.861,0.864,0.847,0.889,0.72,0.8217126725219579,0.803,52.0,37.2,67.1,1.1,91.1
50,Malawi,4.7025772946859945,3.83,4.891,4.4669178743961595,5.148,4.309811594202927,3.946,4.279,4.035,4.563,3.868,3.476,3.417,3.335,3.869,3.5242801932367342,3.6,6.741048309178744,6.678,6.742,6.792323671497584,6.838,6.8265072463768135,6.895,6.885,6.907,6.935,6.935,6.932,6.945,6.949,6.966,6.997425120772945,6.958,0.6250715579710135,0.554,0.6,0.6044981884057954,0.718,0.5907826086956511,0.613,0.604,0.563,0.512,0.494,0.524,0.555,0.528,0.549,0.5222047101449263,0.537,45.25352415458951,44.88,46.26,48.07066183574898,49.02,49.94875362318862,51.42,52.44,53.46,54.48,55.5,56.2,56.9,57.6,58.3,59.33921256038661,57.948,0.8075422705314015,0.767,0.91,0.8014082125603865,0.879,0.7973188405797105,0.733,0.637,0.752,0.786,0.801,0.81,0.848,0.799,0.765,0.7768719806763285,0.78,0.21138647342994688,0.2,0.202,0.17158937198067292,0.176,0.14505797101448792,0.099,0.169,0.078,0.061,0.058,0.066,0.025,0.073,0.004,0.012400966183570006,0.038,0.7567327898550729,0.676,0.691,0.7622409420289857,0.689,0.7659130434782613,0.853,0.886,0.857,0.824,0.835,0.824,0.735,0.766,0.68,0.7842735507246381,0.729,51.0,37.3,73.7,1.3,88.4
51,Malaysia,6.011854922279795,6.012,6.239,5.807,5.385,5.58,5.786,5.914,5.77,5.963,6.322,5.649852331606212,5.616943005181341,5.339,5.428,5.518215025906727,5.384,9.799322394933789,9.839,9.881,9.909,9.875,9.93,9.966,10.005,10.037,10.082,10.118,10.13199481865285,10.162237766263672,10.223,10.252,10.252966609096141,10.238,0.8370034542314335,0.866,0.871,0.803,0.792,0.839,0.77,0.841,0.831,0.863,0.818,0.8213963730569946,0.8199775474956823,0.789,0.842,0.8157210708117444,0.817,64.81562348877375,64.96,65.12,65.28,65.44,65.6,65.76,65.92,66.08,66.24,66.4,66.55529533678757,66.71344732297067,67.0,67.2,67.18790328151985,67.102,0.7989389752446749,0.837,0.844,0.78,0.874,0.769,0.84,0.848,0.791,0.808,0.675,0.8399974093264246,0.8437299942429481,0.875,0.916,0.854927748992516,0.895,0.06919286125503987,0.201,0.089,0.044,-0.009,0.032,-0.016,0.017,0.264,0.239,0.222,0.13188082901554665,0.13757973517559208,0.127,0.123,0.15467645365573013,0.125,0.8148203799654583,0.74,0.799,0.884,0.858,0.844,0.842,0.847,0.755,0.845,0.838,0.8343886010362698,0.8361675302245257,0.894,0.782,0.8415043177892922,0.839,27.0,42.8,82.0,14.1,3.1
52,Mali,3.8025616438356167,4.014,3.9156731898238775,4.115,3.977,3.762,4.667,4.313,3.676,3.975,4.582,4.016,4.742,4.416,4.988,4.650898238747544,4.723,7.563587084148727,7.593,7.586608610567515,7.607,7.622,7.642,7.643,7.605,7.599,7.638,7.669,7.695,7.718,7.733,7.752,7.736248532289627,7.744,0.7861545988258318,0.761,0.7835636007827791,0.747,0.733,0.751,0.796,0.823,0.82,0.843,0.83,0.836,0.741,0.692,0.755,0.7667221135029356,0.724,46.03647945205478,45.92,46.87544227005867,47.16,47.78,48.4,48.76,49.12,49.48,49.84,50.2,50.7,51.2,51.7,52.2,52.328700587084086,51.969,0.6069354207436373,0.555,0.62318590998043,0.495,0.634,0.749,0.823,0.704,0.665,0.652,0.634,0.696,0.753,0.737,0.67,0.7288140900195668,0.697,-0.04686301369863011,-0.072,-0.04756751467710363,-0.012,0.008,-0.028,-0.101,-0.088,-0.053,-0.037,-0.068,-0.07,-0.069,-0.034,-0.038,-0.052146771037181905,-0.036,0.786054794520548,0.761,0.7897729941291587,0.918,0.819,0.811,0.726,0.787,0.755,0.658,0.8,0.862,0.863,0.793,0.846,0.813941291585127,0.827,76.0,32.3,64.5,2.0,79.0
53,Mauritania,4.5089940828402355,4.496078106508875,4.149,4.248,4.5,4.772,4.785,4.673,4.199,4.483,3.923,4.472,4.678,4.314,4.153,4.315254437869822,4.227,8.477683431952663,8.481978698224852,8.533,8.501,8.473,8.47,8.481,8.495,8.506,8.519,8.542,8.526,8.533,8.526,8.556,8.542112426035503,8.542,0.7333698224852068,0.739218343195267,0.682,0.67,0.819,0.857,0.75,0.763,0.741,0.853,0.875,0.785,0.779,0.802,0.798,0.8210976331360946,0.795,53.149807692307604,53.43383846153836,53.66,53.94,54.22,54.5,54.82,55.14,55.46,55.78,56.1,56.4,56.7,57.0,57.3,57.41026923076913,57.161,0.6262130177514784,0.6180881656804722,0.573,0.593,0.735,0.669,0.567,0.487,0.603,0.468,0.447,0.467,0.527,0.467,0.628,0.5043402366863923,0.561,0.04252958579881749,0.031809467455619966,-0.072,-0.018,0.039,0.055,0.052,-0.021,-0.079,-0.054,0.055,-0.175,-0.153,-0.112,-0.102,-0.11827218934911343,-0.106,0.7254792899408283,0.726173372781065,0.586,0.841,0.848,0.727,0.747,0.707,0.676,0.589,0.715,0.842,0.777,0.711,0.743,0.7358905325443786,0.731,83.0,30.3,62.3,4.9,23.6
54,Mexico,6.581,6.9493164179104525,6.525,6.829,6.963,6.802,6.91,7.32,7.443,6.68,6.236,6.824,6.41,6.55,6.432,5.964,6.317,9.788,9.794546268656717,9.825,9.821,9.752,9.788,9.81,9.832,9.832,9.847,9.867,9.884,9.893,9.903,9.891,9.782,9.859,0.903,0.8637044776119396,0.879,0.876,0.868,0.876,0.824,0.767,0.759,0.782,0.761,0.893,0.8,0.858,0.852,0.779,0.831,66.2,65.95974925373139,66.32,66.38,66.44,66.5,66.68,66.86,67.04,67.22,67.4,67.7,68.0,68.3,68.6,68.9,68.597,0.814,0.7107611940298497,0.67,0.677,0.682,0.778,0.831,0.788,0.739,0.779,0.719,0.752,0.861,0.816,0.903,0.873,0.862,-0.07544166666666641,-0.08106666666666662,-0.095,-0.128,-0.076,-0.048,-0.099,-0.093,-0.165,-0.094,-0.152,-0.153,-0.202,-0.179,-0.141,-0.119,-0.147,0.764,0.7077343283582085,0.747,0.785,0.764,0.693,0.698,0.633,0.615,0.63,0.708,0.809,0.801,0.809,0.809,0.778,0.799,13.0,45.9,73.2,6.9,11.8
55,Moldova,5.308075000000002,5.102,4.775,5.503,5.554,5.59,5.792,5.996,5.756,5.917,6.017,5.578,5.326,5.682,5.803,5.812,5.766,8.879274999999993,8.936,8.968,9.045,8.984,9.054,9.111,9.105,9.192,9.241,9.246,9.3,9.363,9.423,9.475,9.462,9.454,0.8272749999999998,0.812,0.804,0.872,0.856,0.847,0.869,0.826,0.803,0.805,0.84,0.837,0.831,0.892,0.809,0.874,0.857,59.525125,60.58,60.76,60.94,61.12,61.3,61.62,61.94,62.26,62.58,62.9,63.6,64.3,65.0,65.7,66.4,65.699,0.5410250000000012,0.554,0.696,0.641,0.551,0.598,0.628,0.602,0.658,0.623,0.595,0.557,0.553,0.824,0.784,0.859,0.822,-0.12480000000000047,-0.164,-0.186,-0.056,-0.099,-0.088,-0.082,-0.05,-0.069,-0.113,-0.09,-0.047,-0.053,-0.084,-0.092,-0.058,-0.079,0.9379500000000001,0.926,0.93,0.926,0.925,0.929,0.957,0.955,0.941,0.925,0.943,0.969,0.926,0.929,0.884,0.941,0.918,68.0,33.7,47.9,8.5,1.4
56,Mongolia,4.225506911142475,4.319208462623436,4.609,4.493,4.6003131170662925,4.586,5.031,4.885,4.913,4.825,4.983,5.057,5.334,5.465,5.563,6.011,5.677,8.806494217207316,8.84984598025386,8.833,8.904,8.979901269393494,8.92,9.061,9.158,9.248,9.304,9.308,9.3,9.334,9.386,9.418,9.396,9.4,0.9051641748942174,0.9074214386459802,0.881,0.92,0.9141932299012687,0.904,0.948,0.919,0.935,0.943,0.906,0.947,0.924,0.942,0.946,0.918,0.935,58.74296755994362,59.013184767277835,58.82,59.28,59.8238363892807,60.2,60.5,60.8,61.1,61.4,61.7,61.9,62.1,62.3,62.5,62.7,62.5,0.6498547249647384,0.6547404795486607,0.781,0.484,0.6693977433004221,0.631,0.7,0.688,0.748,0.752,0.686,0.76,0.675,0.696,0.711,0.718,0.708,0.08942341325810954,0.09217968970380763,0.064,0.068,0.1004485190409028,0.099,0.151,0.107,0.136,0.146,0.173,0.09,0.119,0.054,0.149,0.141,0.116,0.9692973201692521,0.9618456981664316,0.918,0.962,0.9394908321579685,0.928,0.931,0.932,0.928,0.909,0.9,0.9,0.865,0.849,0.873,0.843,0.856,48.0,37.8,57.0,8.9,3.2
57,Morocco,4.864546571798186,4.878272962483827,4.891999353169467,4.905725743855108,4.919452134540748,4.383,5.085,4.97,5.142,4.98808408796895,5.163,5.386,5.312,4.897,5.057,4.803,4.918,8.705862871927554,8.71991849935317,8.733974126778783,8.7480297542044,8.762085381630012,8.746,8.783,8.799,8.829,8.832363518758086,8.872,8.869,8.898,8.914,8.925,8.871,8.903,0.8481818181818213,0.8278977272727275,0.8076136363636337,0.787329545454547,0.7670454545454533,0.7467613636363666,0.833,0.676,0.597,0.6656249999999986,0.606,0.655,0.641,0.554,0.535,0.553,0.56,62.18648382923675,62.463891332470894,62.74129883570504,63.01870633893918,63.29611384217333,63.5,63.8,64.1,64.4,64.68315135834405,65.0,65.3,65.6,65.9,66.2,66.5,66.208,0.5513745148770965,0.5682367399741182,0.5850989650711469,0.6019611901681685,0.6188234152651972,0.663,0.579,0.757,0.572,0.7031345407503196,0.713,0.817,0.814,0.773,0.757,0.819,0.774,-0.16400388098318253,-0.16910608020698525,-0.17420827943078798,-0.1793104786545925,-0.18441267787839521,-0.162,-0.218,-0.187,-0.21,-0.2099236739974124,-0.228,-0.237,-0.216,-0.234,-0.244,-0.229,-0.236,0.8952296248382936,0.8879430789133256,0.8806565329883593,0.8733699870633913,0.8660834411384233,0.9,0.875,0.845,0.771,0.8296507115135849,0.842,0.717,0.841,0.843,0.757,0.803,0.801,59.0,35.7,81.4,,
58,Nepal,4.282756329113937,4.567,4.748,4.441,4.917,4.35,3.809,4.233,4.605,4.975,4.812,5.1,4.737,4.91,5.449,5.110936708860763,5.269,7.578830922242318,7.616,7.638,7.686,7.723,7.765,7.797,7.846,7.889,7.948,7.976,7.973,8.039,8.087,8.136,8.14369077757685,8.12,0.8076751808318257,0.874,0.787,0.818,0.813,0.779,0.741,0.734,0.74,0.786,0.748,0.837,0.816,0.768,0.772,0.7669981916817354,0.774,56.46199254068722,57.2,57.7,58.2,58.7,59.2,59.4,59.6,59.8,60.0,60.2,61.3,62.4,63.5,64.6,63.788824593128425,64.233,0.513205696202526,0.689,0.413,0.618,0.616,0.519,0.525,0.638,0.722,0.712,0.763,0.839,0.845,0.77,0.79,0.8284430379746794,0.782,0.16691715976331345,0.1644934911242606,0.317,0.291,0.044,0.092,-0.01,0.07,0.151,0.121,0.227,0.168,0.134,0.122,0.167,0.1305621301775144,0.152,0.9665198915009015,0.897,0.891,0.9,0.95,0.911,0.935,0.883,0.877,0.841,0.824,0.817,0.77,0.742,0.712,0.7408010849909559,0.727,39.0,39.5,67.3,3.2,50.9
59,Netherlands,7.464,7.495652070063695,7.452,7.631,7.484200835987261,7.502,7.564,7.471,7.407,7.321,7.324,7.541,7.459,7.463,7.425,7.504,7.464,10.814,10.845602707006371,10.881,10.899,10.862748208598727,10.864,10.875,10.861,10.857,10.867,10.882,10.899,10.921,10.941,10.953,10.901,10.932,0.947,0.9396711783439489,0.944,0.944,0.93749701433121,0.957,0.938,0.939,0.925,0.909,0.879,0.926,0.937,0.939,0.941,0.944,0.942,70.4,70.77404458598724,70.8,71.0,71.15394108280253,71.4,71.52,71.64,71.76,71.88,72.0,72.1,72.2,72.3,72.4,72.5,72.4,0.901,0.8983519108280253,0.896,0.883,0.902017117834395,0.921,0.925,0.877,0.919,0.91,0.904,0.907,0.92,0.92,0.886,0.935,0.913,0.4132507757404795,0.39784992947814146,0.344,0.365,0.3516473906911166,0.349,0.336,0.288,0.305,0.331,0.261,0.239,0.25,0.161,0.213,0.151,0.175,0.571,0.4899609872611457,0.445,0.419,0.45886405254777074,0.399,0.359,0.434,0.505,0.457,0.412,0.433,0.363,0.371,0.36,0.281,0.338,95.0,26.6,73.0,43.3,7.9
60,New Zealand,7.375553601340034,7.305,7.604,7.381,7.34487772194305,7.224,7.191,7.25,7.28,7.306,7.418,7.226,7.327,7.37,7.205,7.257,7.277,10.503477386934673,10.526,10.546,10.528,10.541442211055276,10.52,10.536,10.553,10.571,10.592,10.608,10.623,10.633,10.66,10.666,10.6,10.643,0.9565301507537688,0.946,0.967,0.944,0.9547437185929647,0.976,0.954,0.93,0.958,0.942,0.987,0.937,0.955,0.954,0.939,0.952,0.948,71.12026800670014,71.2,71.4,71.6,71.74438860971526,72.0,72.12,72.24,72.36,72.48,72.6,72.8,73.0,73.2,73.4,73.6,73.4,0.9076524288107204,0.932,0.878,0.893,0.9148710217755442,0.918,0.935,0.902,0.944,0.932,0.942,0.927,0.942,0.949,0.912,0.918,0.929,0.34431490787269325,0.312,0.279,0.298,0.3006566164154094,0.254,0.284,0.287,0.237,0.348,0.329,0.266,0.294,0.12,0.157,0.125,0.134,0.2991532663316576,0.224,0.295,0.334,0.28344723618090395,0.321,0.269,0.289,0.312,0.273,0.186,0.278,0.222,0.207,0.234,0.283,0.242,75.0,32.5,72.3,18.4,10.9
61,Nicaragua,4.8601627486437735,4.46,4.944,5.104,5.353,5.687,5.386,5.448,5.772,6.275,5.924,6.013,6.476,5.819,6.113,6.328372513562385,5.972,8.386981690777581,8.398,8.434,8.454,8.407,8.436,8.484,8.534,8.569,8.602,8.636,8.668,8.7,8.647,8.595,8.681933092224234,8.62,0.8557640144665462,0.877,0.866,0.857,0.835,0.863,0.8,0.894,0.868,0.839,0.827,0.853,0.838,0.854,0.874,0.8523598553345388,0.864,64.10580809222427,64.14,64.48,64.82,65.16,65.5,65.72,65.94,66.16,66.38,66.6,66.9,67.2,67.5,67.8,67.87066907775773,67.657,0.7714796564195314,0.745,0.836,0.791,0.746,0.792,0.779,0.85,0.859,0.817,0.809,0.717,0.922,0.797,0.883,0.8467034358047023,0.836,0.06576876130198883,0.01,0.14,0.076,0.07,0.018,-0.02,0.017,0.039,0.104,0.077,0.039,0.01,0.009,0.029,0.02256238698010815,0.02,0.8338926311030725,0.844,0.826,0.819,0.794,0.802,0.76,0.644,0.636,0.699,0.728,0.731,0.673,0.713,0.622,0.6413236889692584,0.664,26.0,43.2,71.9,7.4,13.8
62,Nigeria,4.887798499464097,4.71,4.89,4.939,4.98,4.76,4.962467309753485,5.493,4.818,4.9998017148981795,4.933,5.22,5.322,5.252,4.356,5.503,4.759,8.3991359056806,8.326,8.364,8.403,8.453,8.504,8.470446516613075,8.543,8.581,8.506101822079314,8.615,8.573,8.555,8.548,8.544,8.484,8.533,0.7584398713826365,0.735,0.718,0.78,0.722,0.824,0.7557543408360127,0.818,0.663,0.7544115755627008,0.812,0.805,0.733,0.741,0.734,0.739,0.74,43.94501736334405,44.12,44.64,45.16,45.68,46.2,46.54196398713816,47.12,47.58,47.84043729903533,48.5,48.9,49.3,49.7,50.1,50.5,50.102,0.5661020364415883,0.649,0.635,0.584,0.537,0.565,0.6450229367631302,0.652,0.622,0.6844833869239011,0.68,0.798,0.826,0.79,0.729,0.713,0.737,0.09979549839228241,0.085,0.136,0.119,0.067,0.067,0.07420192926045033,0.066,0.051,0.061405144694534286,-0.035,0.043,0.124,-0.01,0.032,0.099,0.037,0.9062435155412647,0.871,0.918,0.892,0.913,0.911,0.8972480171489816,0.9,0.905,0.8927502679528398,0.926,0.905,0.835,0.866,0.873,0.913,0.878,41.0,39.0,69.5,1.8,77.6
63,Norway,7.61033307086614,7.416,7.588753543307085,7.632,7.56717401574803,7.5563842519685025,7.545594488188975,7.678,7.52401496062992,7.444,7.603,7.596,7.579,7.444,7.442,7.29,7.392,11.023467322834644,11.031,11.026816141732281,11.042,11.03016496062992,11.031839370078739,11.033513779527556,11.017,11.036862598425195,11.024,11.033,11.035,11.05,11.056,11.061,11.042,11.053,0.9459594488188977,0.959,0.946922440944882,0.936,0.9478854330708661,0.9483669291338583,0.9488484251968504,0.948,0.9498114173228347,0.941,0.947,0.96,0.95,0.966,0.942,0.956,0.954,71.2470078740158,71.32,71.5403937007874,71.56,71.83377952755907,71.98047244094491,72.12716535433074,72.24,72.42055118110235,72.68,72.9,73.0,73.1,73.2,73.3,73.4,73.3,0.9496610236220474,0.96,0.9507011811023626,0.947,0.9517413385826775,0.9522614173228349,0.9527814960629925,0.947,0.9538216535433074,0.956,0.948,0.954,0.953,0.96,0.954,0.965,0.96,0.11457834645669296,0.109,0.1180673228346456,0.018,0.12155629921259825,0.12330078740157457,0.1250452755905509,0.147,0.128534251968504,0.181,0.257,0.133,0.236,0.094,0.111,0.075,0.093,0.47587480314960473,0.397,0.44844015748031296,0.503,0.4210055118110212,0.4072881889763771,0.3935708661417294,0.368,0.36613622047243766,0.405,0.299,0.41,0.25,0.268,0.271,0.271,0.27,104.0,24.9,80.5,63.8,8.1
64,Pakistan,5.225,5.294394623655915,5.671,4.414,5.208,5.786,5.267,5.132,5.138,5.436,4.823,5.549,5.831,5.472,4.443,5.1494720430107535,4.934,8.218,8.222937634408602,8.277,8.271,8.277,8.27,8.276,8.289,8.311,8.336,8.361,8.394,8.428,8.464,8.453,8.454795698924734,8.458,0.591,0.4856301075268803,0.479,0.373,0.522,0.571,0.51,0.542,0.607,0.552,0.562,0.627,0.69,0.685,0.617,0.6582365591397839,0.651,54.2,54.801984946236644,55.0,55.4,55.8,56.2,56.42,56.64,56.86,57.08,57.3,57.7,58.1,58.5,58.9,58.9058817204301,58.709,0.63,0.3639032258064532,0.396,0.335,0.388,0.364,0.376,0.367,0.448,0.543,0.587,0.634,0.713,0.773,0.685,0.6980967741935444,0.726,0.1327071005917171,0.12986627218934998,0.089,0.1,0.077,0.3,0.03,0.165,0.1,0.14,0.085,0.095,0.045,0.069,0.124,0.09009467455621412,0.098,0.844,0.8444978494623658,0.794,0.848,0.874,0.852,0.857,0.842,0.792,0.677,0.717,0.793,0.714,0.799,0.776,0.7509688172043028,0.787,57.0,36.2,52.6,3.7,39.7
65,Panama,7.065595840867985,6.128,6.894,6.931,7.034,7.321,7.248,6.86,6.866,6.631,6.606,6.118,6.568,6.281,6.086,6.293041591320062,6.18,9.79343648282098,9.764,9.859,9.935,9.93,9.969,10.059,10.135,10.184,10.217,10.255,10.287,10.324,10.343,10.356,10.421385171790249,10.35,0.9280400090415917,0.951,0.937,0.922,0.905,0.928,0.876,0.897,0.896,0.873,0.883,0.882,0.912,0.904,0.886,0.881849909584087,0.896,67.72832730560583,67.9,68.0,68.1,68.2,68.3,68.5,68.7,68.9,69.1,69.3,69.4,69.5,69.6,69.7,69.82672694394216,69.652,0.7232429927667283,0.882,0.64,0.707,0.721,0.755,0.829,0.783,0.811,0.894,0.847,0.884,0.9,0.861,0.883,0.8993200723327313,0.872,0.08393490054249497,-0.047,0.083,0.06,0.014,-0.009,0.009,-0.002,0.018,0.002,-0.007,-0.102,-0.17,-0.131,-0.199,-0.15234900542495566,-0.166,0.888217450271247,0.912,0.915,0.881,0.889,0.88,0.84,0.796,0.814,0.847,0.81,0.837,0.841,0.837,0.869,0.826325497287522,0.856,11.0,46.1,76.3,14.5,7.0
66,Paraguay,5.327458554729013,4.73,5.272,5.57,5.576,5.841,5.677,5.82,5.936,5.119,5.56,5.801,5.713,5.729083953241236,5.653,5.79087247608927,5.653,9.091591392136024,9.088,9.126,9.174,9.158,9.25,9.278,9.259,9.326,9.36,9.377,9.406,9.441,9.435455897980873,9.448,9.488358129649313,9.448,0.8907688629117954,0.895,0.863,0.889,0.9,0.889,0.869,0.931,0.939,0.959,0.914,0.94,0.902,0.9153528161530282,0.892,0.9191349628055256,0.893,63.606376195536654,63.62,63.84,64.06,64.28,64.5,64.62,64.74,64.86,64.98,65.1,65.3,65.5,65.61785334750266,65.9,65.92731137088202,65.9,0.648311370882034,0.691,0.699,0.649,0.718,0.726,0.666,0.748,0.909,0.759,0.806,0.854,0.891,0.863971838469709,0.876,0.8971503719447327,0.876,0.11441179596174322,0.066,0.132,0.057,0.027,0.076,0.191,0.2,0.046,-0.002,-0.008,-0.071,0.003,0.014653028692880099,0.028,-0.0006944739638665709,0.028,0.8431886291179596,0.841,0.93,0.891,0.857,0.78,0.756,0.774,0.903,0.762,0.863,0.756,0.81,0.8290281615302866,0.882,0.8268496280552604,0.882,17.0,44.9,75.2,11.7,7.4
67,Peru,5.191096066907775,4.811,5.214,5.129,5.519,5.613,5.892,5.825,5.783,5.866,5.577,5.701,5.711,5.68,5.999,5.971289330922232,5.84,9.042468806509952,8.989,9.063,9.142,9.145,9.217,9.27,9.322,9.369,9.382,9.402,9.426,9.434,9.456,9.461,9.525811934900553,9.458,0.7878370253164562,0.875,0.756,0.777,0.799,0.812,0.756,0.764,0.797,0.819,0.798,0.803,0.83,0.845,0.809,0.8193797468354429,0.832,65.18303571428572,65.34,65.58,65.82,66.06,66.3,66.48,66.66,66.84,67.02,67.2,67.5,67.8,68.1,68.4,68.35714285714283,68.25,0.6287169981916811,0.668,0.638,0.638,0.638,0.757,0.773,0.703,0.703,0.722,0.802,0.83,0.827,0.83,0.815,0.8438300180831817,0.822,-0.05166862567812025,-0.071,-0.078,-0.067,-0.079,-0.06,-0.123,-0.079,-0.066,-0.136,-0.09,-0.134,-0.154,-0.178,-0.13,-0.15381374321880692,-0.154,0.8870608047016273,0.895,0.931,0.896,0.88,0.881,0.824,0.867,0.87,0.878,0.884,0.866,0.895,0.906,0.874,0.878641952983725,0.891,16.0,45.4,77.8,10.3,9.3
68,Philippines,4.5779,4.67,5.074,4.589,4.88,4.942,4.994,5.002,4.977,5.313,5.547,5.431,5.594,5.869,6.268,5.08,5.88,8.506574999999998,8.562,8.608,8.634,8.632,8.686,8.707,8.756,8.805,8.85,8.896,8.95,9.002,9.05,9.095,9.061,9.076,0.791525,0.795,0.801,0.798,0.775,0.805,0.789,0.813,0.846,0.813,0.854,0.821,0.851,0.846,0.845,0.781,0.83,59.80000000000001,59.8,60.0,60.2,60.4,60.6,60.8,61.0,61.2,61.4,61.6,61.7,61.8,61.9,62.0,62.1,62.0,0.8503749999999997,0.828,0.852,0.861,0.874,0.893,0.883,0.914,0.907,0.902,0.912,0.908,0.926,0.918,0.91,0.932,0.917,0.08589999999999876,0.063,-0.022,0.083,0.004,0.033,0.073,0.053,0.021,-0.015,-0.051,-0.071,-0.141,-0.108,-0.083,-0.116,-0.097,0.8468999999999998,0.841,0.88,0.817,0.805,0.812,0.783,0.771,0.756,0.787,0.755,0.792,0.711,0.726,0.748,0.744,0.742,8.0,47.9,83.9,5.0,33.7
69,Poland,5.587,5.654488902589392,5.886,5.729030209617747,5.772,5.887,5.646,5.876,5.746,5.75,6.007,6.162,6.201,6.111,6.242,6.139,6.166,9.849,9.937155363748474,9.978,10.003577065351422,10.047,10.085,10.133,10.149,10.164,10.197,10.235,10.266,10.314,10.366,10.407,10.371,10.382,0.922,0.9265980271270031,0.913,0.9226498150431559,0.917,0.955,0.905,0.936,0.912,0.924,0.893,0.917,0.882,0.863,0.878,0.953,0.898,66.3,66.31984463625156,66.7,66.79342293464862,67.1,67.3,67.46,67.62,67.78,67.94,68.1,68.5,68.9,69.3,69.7,70.1,69.702,0.782,0.7959812988080559,0.772,0.8030972050965879,0.821,0.795,0.868,0.811,0.776,0.875,0.793,0.871,0.831,0.87,0.883,0.767,0.841,0.03453017751479237,0.02154970414201074,-0.047,-0.0044112426035489705,0.073,0.002,-0.067,-0.027,-0.137,-0.064,-0.093,-0.091,-0.122,-0.254,-0.231,-0.007,-0.165,0.983,0.9738023016851614,0.925,0.9387418824496478,0.898,0.905,0.908,0.888,0.916,0.898,0.81,0.848,0.639,0.72,0.696,0.787,0.735,78.0,32.1,71.7,20.5,0.3
70,Portugal,5.0361641870350695,5.405,5.1309442082890655,5.717,5.225724229543047,5.095,5.22,4.994,5.158,5.127,5.081,5.447,5.711,5.92,6.095,5.768,5.929,10.326433049946864,10.36,10.336493623804463,10.384,10.346554197662062,10.368,10.353,10.315,10.312,10.325,10.347,10.37,10.407,10.434,10.457,10.371,10.421,0.8776099893730076,0.905,0.8777247608926675,0.886,0.8778395324123274,0.864,0.856,0.866,0.867,0.862,0.866,0.905,0.9,0.887,0.876,0.875,0.879,69.78388947927738,69.84,70.17751328374072,70.32,70.57113708820407,70.8,71.0,71.2,71.4,71.6,71.8,72.0,72.2,72.4,72.6,72.8,72.6,0.737199787460149,0.882,0.7574952178533501,0.646,0.7777906482465475,0.721,0.875,0.774,0.788,0.847,0.8,0.838,0.905,0.877,0.882,0.913,0.892,-0.12146174282677968,-0.179,-0.1346392136025507,-0.217,-0.14781668437832174,-0.106,-0.173,-0.097,-0.118,-0.126,-0.163,-0.225,-0.176,-0.261,-0.234,-0.238,-0.244,0.9505185972369814,0.88,0.943668437832093,0.933,0.9368182784272046,0.948,0.962,0.959,0.946,0.941,0.941,0.922,0.881,0.88,0.915,0.867,0.887,60.0,34.8,70.9,21.2,13.5
71,Romania,5.049,4.9414161412358055,5.394,5.112215636822185,5.368,4.909,5.023,5.167,5.082,5.727,5.777,5.969,6.09,6.151,6.13,6.137012610340463,6.14,9.724,9.788774022698611,9.892,9.859981084489284,9.949,9.915,9.94,9.965,10.004,10.041,10.083,10.136,10.211,10.26,10.306,10.287223455233296,10.284,0.838,0.7547326607818414,0.736,0.7631160151324083,0.812,0.689,0.753,0.74,0.778,0.753,0.787,0.809,0.811,0.818,0.842,0.8134161412358134,0.832,64.0,64.26760151324083,64.48,64.72873896595206,64.96,65.2,65.42,65.64,65.86,66.08,66.3,66.6,66.9,67.2,67.5,67.49556368221943,67.355,0.8,0.6369397225725066,0.686,0.6648978562421171,0.606,0.566,0.65,0.645,0.655,0.754,0.796,0.822,0.839,0.845,0.848,0.8326466582597689,0.845,-0.11459615384615418,-0.11915384615384639,-0.188,-0.1282692307692308,-0.196,-0.085,-0.14,-0.112,-0.129,-0.1,-0.141,-0.115,-0.16,-0.217,-0.221,-0.1829615384615373,-0.219,0.957,0.9656955863808321,0.949,0.9620113493064308,0.967,0.974,0.964,0.959,0.952,0.958,0.962,0.949,0.926,0.921,0.954,0.9399059268600252,0.938,73.0,33.0,62.3,8.7,4.5
72,Russia,5.295749999999998,4.964,5.223,5.619,5.158,5.385,5.389,5.621,5.537,6.037,5.996,5.855,5.579,5.514,5.441,5.495,5.477,10.049900000000001,9.991,10.074,10.125,10.044,10.087,10.129,10.166,10.182,10.171,10.149,10.149,10.166,10.191,10.205,10.162,10.189,0.8931,0.895,0.885,0.882,0.908,0.909,0.883,0.901,0.881,0.932,0.924,0.911,0.896,0.909,0.91,0.887,0.903,58.67462499999999,58.68,59.26,59.84,60.42,61.0,61.42,61.84,62.26,62.68,63.1,63.5,63.9,64.3,64.7,65.1,64.703,0.5962500000000013,0.643,0.593,0.643,0.617,0.613,0.626,0.609,0.661,0.744,0.685,0.714,0.731,0.729,0.715,0.714,0.718,-0.35829999999999984,-0.307,-0.284,-0.305,-0.283,-0.296,-0.279,-0.293,-0.289,-0.265,-0.171,-0.181,-0.145,-0.147,-0.116,-0.071,-0.111,0.9666500000000013,0.935,0.933,0.924,0.954,0.937,0.935,0.938,0.934,0.869,0.913,0.925,0.862,0.865,0.848,0.823,0.845,23.0,43.9,82.6,17.1,0.3
73,Rwanda,4.272988571428556,4.215,4.127710476190458,4.363,4.03,3.9097933333333117,4.097,3.333,3.466,3.596,3.483,3.333,3.108,3.561,3.268,3.183402857142852,3.415,7.120443809523792,7.111,7.199798730158719,7.239,7.273,7.318831111111095,7.369,7.428,7.449,7.484,7.544,7.576,7.588,7.644,7.708,7.715605714285701,7.676,0.6509390476190475,0.718,0.6425669841269848,0.486,0.559,0.6300088888888897,0.57,0.637,0.75,0.748,0.678,0.665,0.517,0.616,0.489,0.5881485714285724,0.552,51.25135238095254,49.88,52.763149206349226,53.04,54.62,55.03084444444448,56.82,57.44,58.06,58.68,59.3,59.9,60.5,61.1,61.7,62.5898285714286,61.4,0.8100247619047618,0.915,0.8237384126984129,0.752,0.766,0.8443088888888894,0.829,0.835,0.904,0.894,0.908,0.911,0.908,0.924,0.869,0.9128771428571429,0.897,-0.04707819123881407,-0.04033537447008939,-0.03359255770136649,0.017,-0.001,-0.013364107395196001,-0.039,-0.012,-0.028,-0.023,0.025,0.025,0.051,0.057,0.064,0.05406406029204014,0.061,0.2803123809523811,0.299,0.2584692063492078,0.286,0.41,0.22570444444444604,0.161,0.081,0.117,0.078,0.095,0.159,0.214,0.164,0.168,0.11648857142857239,0.167,22.0,44.3,73.0,1.6,81.5
74,Senegal,4.069709990958401,4.417,4.68,4.683,4.335,4.372,3.834,3.669,3.647,4.395,4.617,4.595,4.683,4.769,5.489,4.847150090415909,5.132,7.834178345388789,7.881,7.903,7.916,7.909,7.917,7.904,7.926,7.926,7.961,7.995,8.029,8.072,8.106,8.13,8.104466546112118,8.118,0.7570255424954793,0.76,0.718,0.756,0.81,0.76,0.602,0.711,0.823,0.856,0.702,0.839,0.744,0.739,0.688,0.7399945750452077,0.71,53.533379294755946,53.38,54.06,54.74,55.42,56.1,56.56,57.02,57.48,57.94,58.4,58.8,59.2,59.6,60.0,60.41370705244128,59.802,0.6621046564195305,0.736,0.698,0.612,0.557,0.777,0.641,0.668,0.636,0.692,0.72,0.744,0.687,0.629,0.759,0.7017034358047018,0.695,-0.05123056057866204,-0.051,-0.002,-0.03,-0.036,-0.077,-0.16,-0.036,-0.052,-0.045,-0.111,-0.086,-0.044,-0.074,-0.019,-0.06369439421338163,-0.046,0.862957278481014,0.805,0.827,0.879,0.918,0.851,0.87,0.852,0.837,0.7,0.765,0.794,0.825,0.805,0.796,0.7861772151898734,0.801,61.0,34.8,69.8,2.4,67.5
75,Serbia,4.083998816568055,4.2134686390532465,4.75,4.472408284023686,4.38,4.461,4.815,5.155,5.102,5.113,5.318,5.753,5.122,5.936,6.241,6.042,6.078,9.475301183431956,9.495731360946746,9.532,9.536591715976332,9.568,9.579,9.607,9.605,9.638,9.627,9.649,9.688,9.713,9.762,9.808,9.788,9.787,0.7525473372781093,0.7607544378698243,0.844,0.7771686390532544,0.77,0.726,0.773,0.819,0.828,0.783,0.816,0.895,0.884,0.853,0.903,0.852,0.873,64.88804733727812,65.13325443786988,65.6,65.62366863905328,66.0,66.2,66.36,66.52,66.68,66.84,67.0,67.4,67.8,68.2,68.6,69.0,68.6,0.27918106508876406,0.311798224852069,0.453,0.37703254437870726,0.373,0.463,0.44,0.461,0.533,0.532,0.546,0.614,0.685,0.74,0.753,0.843,0.778,-0.23017869822485437,-0.21373550295857768,-0.165,-0.18084911242603852,-0.178,-0.17,-0.185,-0.13,-0.1,0.072,-0.062,-0.068,-0.077,-0.1,-0.04,0.149,0.002,0.9957337278106486,0.9849437869822459,0.905,0.9633639053254441,0.961,0.965,0.977,0.952,0.908,0.912,0.859,0.89,0.851,0.864,0.813,0.824,0.835,66.0,34.0,54.2,11.3,1.4
76,Sierra Leone,3.783399664617093,3.628,3.585,2.997,3.929210732252642,4.134,4.502,4.038569032979311,4.514,4.5,4.909,4.733,4.09,4.306,3.447,4.330191168250408,3.849,7.187511458915587,7.136,7.187,7.215,7.26963331470094,7.254,7.292,7.331224706539956,7.577,7.6,7.347,7.384,7.404,7.417,7.449,7.4954684181106686,7.434,0.6920737842370048,0.561,0.686,0.591,0.6856389044158755,0.812,0.782,0.6808127445500287,0.708,0.869,0.611,0.657,0.652,0.65,0.611,0.6679429849077705,0.63,39.35648574622701,40.3,41.2,42.1,42.57745612073791,43.9,44.32,44.99318390162102,45.16,45.58,46.0,47.6,49.2,50.8,52.4,51.43512465064282,51.651,0.711225265511459,0.679,0.72,0.716,0.7087915036333148,0.726,0.77,0.7069661822247066,0.72,0.681,0.624,0.681,0.711,0.716,0.718,0.7020986584684181,0.717,0.10704583566238135,0.101,0.248,0.148,0.0915332588038007,0.012,0.005,0.07989882615986588,-0.071,0.034,0.05,0.106,0.079,0.095,0.074,0.04887367244270546,0.084,0.8612241475684741,0.836,0.83,0.925,0.858827277808832,0.91,0.855,0.8570296254891001,0.856,0.786,0.825,0.863,0.848,0.856,0.874,0.8522358859698156,0.866,79.0,32.0,58.7,1.9,81.3
77,Singapore,6.624565175097274,6.463,6.834,6.642,6.145,6.531,6.561,6.513307392996108,6.533,7.062,6.62,6.033,6.378,6.375,6.378,6.386155642023347,6.377,11.131755836575877,11.168,11.212,11.178,11.149,11.267,11.307,11.31107976653697,11.357,11.383,11.4,11.419,11.461,11.49,11.486,11.516021400778214,11.488,0.8667859922178991,0.904,0.921,0.845,0.866,0.864,0.904,0.8809085603112843,0.808,0.822,0.866,0.925,0.897,0.903,0.925,0.8970486381322962,0.915,73.49512013618681,73.6,73.9,74.2,74.5,74.8,75.02,75.1948501945526,75.46,75.68,75.9,76.2,76.5,76.8,77.1,77.13739883268488,76.953,0.7422402723735395,0.757,0.867,0.661,0.776,0.846,0.822,0.8342003891050567,0.827,0.835,0.887,0.904,0.926,0.916,0.938,0.9392976653696508,0.927,0.0989489299610895,0.138,0.293,0.046,-0.075,-0.018,-0.149,0.06767704280155584,0.115,0.154,0.15,0.143,0.136,-0.066,0.027,0.031937743190662005,-0.018,0.07552029639175295,0.077947164948454,0.064,0.066,0.035,0.06,0.099,0.09250837628866027,0.242,0.133,0.099,0.047,0.162,0.097,0.07,0.11192332474226774,0.082,35.0,39.8,73.3,,
78,Slovakia,5.477288239293003,5.265,5.601591434398372,5.663743031951057,5.725894629503742,6.052,5.945,5.911,5.937,6.139,6.162,5.993,6.366,6.235,6.243,6.519,6.331,10.038143099932022,10.015,10.084979945615231,10.108398368456832,10.13181679129844,10.169,10.196,10.213,10.218,10.244,10.291,10.31,10.339,10.376,10.398,10.332,10.369,0.9273368456832087,0.954,0.9279765465669614,0.9282963970088376,0.9286162474507139,0.92,0.917,0.926,0.909,0.924,0.943,0.945,0.913,0.922,0.933,0.954,0.936,65.63658565601634,66.0,66.1220248130524,66.36474439157041,66.60746397008842,66.8,67.04,67.28,67.52,67.76,68.0,68.3,68.6,68.9,69.2,69.5,69.201,0.5370180149558159,0.542,0.5659119646499029,0.5803589394969428,0.5948059143439863,0.636,0.727,0.62,0.598,0.635,0.587,0.7,0.714,0.758,0.771,0.762,0.766,-0.026031611148878753,-0.05,-0.037788919102652585,-0.04366757307953861,-0.04954622705642464,-0.101,0.01,-0.028,-0.051,-0.126,-0.128,-0.061,-0.055,-0.167,-0.129,-0.075,-0.124,0.9260819170632226,0.946,0.9240336505778384,0.9230095173351462,0.9219853840924546,0.907,0.907,0.907,0.915,0.914,0.928,0.917,0.92,0.91,0.926,0.901,0.911,97.0,26.1,46.3,8.7,8.7
79,Slovenia,5.65186475978895,5.811,5.743954734795892,5.78999972229937,5.83,6.083,6.036,6.063,5.975,5.678,5.741,5.937,6.167,6.249,6.665,6.462,6.461,10.35433851707859,10.403,10.375899750069424,10.38668036656484,10.41,10.419,10.426,10.397,10.385,10.412,10.433,10.463,10.509,10.546,10.563,10.478,10.529,0.9141621771730075,0.936,0.9175778950291584,0.9192857539572343,0.919,0.917,0.931,0.925,0.932,0.908,0.901,0.934,0.928,0.941,0.949,0.953,0.948,67.8951680088864,68.0,68.37559011385724,68.61580116634264,68.9,69.2,69.4,69.6,69.8,70.0,70.2,70.5,70.8,71.1,71.4,71.7,71.4,0.8875723410163836,0.936,0.8937706192724244,0.8968697584004444,0.896,0.896,0.907,0.904,0.89,0.888,0.896,0.904,0.921,0.942,0.945,0.958,0.949,0.06411718966953472,0.043,0.044626492640933435,0.03488114412663279,-0.019,0.029,-0.025,-0.02,0.036,0.052,0.008,-0.055,-0.025,-0.119,-0.102,-0.081,-0.101,0.8352371563454597,0.708,0.8361635656762011,0.8366267703415718,0.804,0.845,0.893,0.891,0.918,0.909,0.892,0.838,0.829,0.839,0.785,0.797,0.806,98.0,25.9,55.1,30.9,9.4
80,South Africa,5.0411,5.084,5.204,5.346,5.218,4.652,4.931,5.134,3.661,4.828,4.887,4.77,4.514,4.884,5.035,4.947,4.956,9.439125,9.386,9.426,9.444,9.414,9.43,9.447,9.453,9.461,9.464,9.46,9.45,9.45,9.444,9.432,9.332,9.403,0.86195,0.913,0.788,0.81,0.877,0.917,0.858,0.907,0.839,0.881,0.898,0.875,0.87,0.841,0.848,0.891,0.86,47.54449999999997,48.02,48.64,49.26,49.88,50.5,51.46,52.42,53.38,54.34,55.3,55.7,56.1,56.5,56.9,57.3,56.904,0.7036500000000014,0.649,0.69,0.749,0.739,0.739,0.835,0.59,0.714,0.794,0.862,0.774,0.787,0.753,0.738,0.757,0.749,-0.15750000000000064,-0.084,-0.158,-0.095,-0.154,-0.202,-0.154,-0.163,-0.077,-0.117,-0.127,-0.07,-0.129,-0.05,-0.134,-0.015,-0.067,0.8375095238095237,0.8382380952380951,0.859,0.866,0.904,0.791,0.819,0.838,0.8,0.82,0.853,0.813,0.865,0.841,0.82,0.912,0.86,0.0,57.7,86.7,4.7,35.9
81,South Korea,5.773024999999997,5.332,5.767,5.39,5.648,6.116,6.947,6.003,5.959,5.801,5.78,5.971,5.874,5.84,5.903,5.793,5.845,10.315775000000002,10.31,10.361,10.383,10.386,10.447,10.475,10.494,10.52,10.546,10.568,10.593,10.621,10.643,10.661,10.648,10.651,0.7899749999999998,0.775,0.827,0.754,0.811,0.816,0.809,0.775,0.797,0.738,0.768,0.811,0.807,0.798,0.783,0.808,0.799,70.01499999999993,70.2,70.5,70.8,71.1,71.4,71.66,71.92,72.18,72.44,72.7,73.0,73.3,73.6,73.9,74.2,73.9,0.62795,0.715,0.656,0.524,0.6,0.677,0.682,0.618,0.642,0.623,0.616,0.591,0.538,0.6,0.706,0.711,0.672,-0.05750098736176934,-0.052,-0.059,-0.102,-0.096,-0.033,-0.048,-0.05475987361769352,-0.05,-0.043,-0.036,0.026,0.014,-0.089,-0.055,-0.106,-0.083,0.8256999999999994,0.799,0.803,0.771,0.787,0.752,0.827,0.844,0.832,0.834,0.841,0.862,0.851,0.797,0.718,0.665,0.727,82.0,30.7,70.0,34.2,13.8
82,Spain,7.153,6.760707462686554,6.995,7.294,6.199,6.188,6.518,6.291,6.15,6.456,6.381,6.319,6.23,6.513,6.457,6.502,6.491,10.546,10.534376119402985,10.587,10.579,10.532,10.529,10.518,10.487,10.476,10.492,10.531,10.56,10.586,10.605,10.618,10.488,10.571,0.961,0.9517791044776116,0.957,0.948,0.929,0.95,0.944,0.937,0.929,0.948,0.956,0.942,0.903,0.91,0.949,0.935,0.932,71.5,71.88107462686565,72.06,72.34,72.62,72.9,73.02,73.14,73.26,73.38,73.5,73.8,74.1,74.4,74.7,75.0,74.7,0.916,0.82054328358209,0.782,0.834,0.749,0.796,0.819,0.755,0.759,0.738,0.732,0.768,0.756,0.722,0.778,0.783,0.761,-0.12564642857142871,-0.12128571428571355,-0.093,-0.15,-0.127,-0.138,-0.122,-0.059,-0.101,-0.028,-0.072,-0.048,-0.032,-0.075,-0.049,-0.121,-0.081,0.777,0.8120805970149254,0.784,0.683,0.798,0.84,0.846,0.844,0.916,0.854,0.822,0.819,0.791,0.777,0.73,0.73,0.745,63.0,34.3,65.7,30.7,15.3
83,Sri Lanka,4.28043,4.345,4.415,4.431,4.212,3.977,4.181,4.225,4.365,4.268,4.612,4.321327999999999,4.331,4.435,4.213,4.3362,4.325,8.920862499999998,8.912,8.97,9.021,9.049,9.119,9.193,9.279,9.305,9.344,9.383,9.374254999999991,9.44,9.462,9.479,9.539124999999999,9.47,0.8363325000000001,0.864,0.838,0.816,0.83,0.814,0.842,0.824,0.809,0.805,0.863,0.8257670000000001,0.823,0.833,0.815,0.821925,0.827,65.5629025,65.78,65.86,65.94,66.02,66.1,66.2,66.3,66.4,66.5,66.6,66.83473900000001,67.0,67.2,67.4,67.29722500000003,67.299,0.758090000000001,0.724,0.736,0.834,0.799,0.738,0.823,0.8,0.834,0.868,0.902,0.8376640000000002,0.827,0.859,0.824,0.8666,0.841,0.20693500000000142,0.062,0.11,0.163,0.306,0.259,0.145,0.161,0.268,0.299,0.319,0.15942600000000162,0.094,0.106,0.051,0.1421500000000009,0.079,0.7880950000000002,0.838,0.847,0.861,0.69,0.769,0.76,0.823,0.842,0.791,0.859,0.8353619999999999,0.844,0.856,0.863,0.852549999999999,0.863,2.0,51.4,66.5,5.5,16.1
84,Sweden,7.376,7.391137313432835,7.241,7.516,7.266,7.496,7.382,7.56,7.434,7.239,7.289,7.369,7.287,7.375,7.398,7.314,7.363,10.739,10.762570149253733,10.806,10.793,10.74,10.79,10.814,10.8,10.804,10.82,10.853,10.861,10.873,10.881,10.882,10.838,10.867,0.951,0.9293611940298506,0.917,0.923,0.903,0.97,0.921,0.929,0.916,0.933,0.929,0.912,0.914,0.931,0.934,0.936,0.934,71.2,71.43605970149252,71.48,71.62,71.76,71.9,71.98,72.06,72.14,72.22,72.3,72.4,72.5,72.6,72.7,72.8,72.7,0.964,0.917083582089552,0.91,0.912,0.864,0.905,0.941,0.944,0.936,0.945,0.935,0.918,0.935,0.942,0.942,0.951,0.945,0.18967261904761834,0.18459047619047553,0.146,0.125,0.221,0.141,0.161,0.132,0.159,0.202,0.211,0.146,0.17,0.077,0.091,0.091,0.086,0.3059357142857131,0.3009428571428554,0.289,0.314,0.292,0.253,0.269,0.254,0.324,0.25,0.232,0.246,0.239,0.263,0.25,0.203,0.237,100.0,25.7,83.4,48.3,8.0
85,Switzerland,7.5341169590643275,7.473,7.537308270676691,7.538903926482874,7.525,7.5420952380952375,7.54369089390142,7.776,7.546882205513784,7.493,7.572,7.459,7.474,7.509,7.694,7.508,7.571,11.04687134502924,11.05,11.05678947368421,11.061748538011695,11.055,11.071666666666667,11.076625730994152,11.079,11.086543859649122,11.098,11.1,11.106,11.115,11.134,11.136,11.081,11.117,0.9470994152046783,0.951,0.9463834586466164,0.9460254803675856,0.938,0.9453095238095237,0.9449515455304929,0.947,0.944235588972431,0.959,0.938,0.928,0.95,0.93,0.949,0.946,0.942,71.31543859649122,71.54,71.73097744360899,71.93874686716794,72.26,72.35428571428571,72.5620551378446,72.78,72.97759398496243,73.06,73.2,73.5,73.8,74.1,74.4,74.7,74.4,0.9212046783625731,0.919,0.9217894736842106,0.9220818713450293,0.891,0.9226666666666667,0.9229590643274854,0.945,0.9235438596491229,0.949,0.928,0.934,0.925,0.926,0.913,0.917,0.919,0.25385380116959055,0.29,0.22343609022556166,0.20822723475355076,0.125,0.17780952380952186,0.16260066833751097,0.139,0.13218295739348207,0.06,0.109,0.088,0.18,0.101,0.036,-0.064,0.025,0.3710818713450301,0.408,0.3580300751879708,0.35150417710944026,0.342,0.33845238095238095,0.3319264828738522,0.323,0.31887468671679287,0.283,0.21,0.302,0.316,0.301,0.294,0.28,0.292,88.0,29.3,69.4,55.6,7.8
86,Tajikistan,4.298100000000005,4.613,4.432,5.064,4.575,4.381,4.263,4.497,4.967,4.896,5.124,5.104,5.829,5.497,5.464,5.373,5.466,7.540524999999988,7.554,7.609,7.665,7.682,7.723,7.772,7.821,7.87,7.911,7.945,7.987,8.036,8.082,8.126,8.08,8.091,0.6850500000000004,0.724,0.727,0.701,0.676,0.759,0.751,0.729,0.701,0.81,0.844,0.857,0.663,0.875,0.88,0.79,0.86,60.81487499999997,60.64,61.08,61.52,61.96,62.4,62.56,62.72,62.88,63.04,63.2,63.5,63.8,64.1,64.4,64.7,64.281,0.7514276002719225,0.702,0.818,0.816,0.744,0.784,0.776,0.749,0.693,0.853,0.847,0.703,0.832,0.8040418082936771,0.8080890550645812,0.8121363018354852,0.832,-0.011199999999999988,-0.088,0.0,0.018,0.001,0.062,-0.119,-0.073,0.063,0.002,0.022,0.01,0.124,-0.065,-0.045,-0.04,-0.056,0.7840500000000006,0.768,0.659,0.723,0.792,0.679,0.672,0.717,0.764,0.698,0.742,0.632,0.718,0.578,0.49,0.55,0.553,19.0,44.7,53.5,5.3,20.0
87,Tanzania,4.013925,3.922,4.318,4.385,3.408,3.229,4.074,4.007,3.852,3.483,3.661,2.903,3.347,3.445,3.64,3.786,3.623,7.466950000000004,7.485,7.522,7.549,7.572,7.604,7.649,7.663,7.699,7.734,7.764,7.8,7.836,7.859,7.886,7.881,7.876,0.8266249999999982,0.783,0.708,0.774,0.837,0.813,0.883,0.832,0.803,0.789,0.79,0.638,0.705,0.675,0.687,0.74,0.702,48.78512499999988,48.7,49.6,50.5,51.4,52.3,53.04,53.78,54.52,55.26,56.0,56.5,57.0,57.5,58.0,58.5,57.999,0.6052249999999972,0.787,0.716,0.562,0.607,0.597,0.736,0.577,0.654,0.654,0.759,0.775,0.8,0.807,0.85,0.83,0.833,0.07467500000000094,-0.027,-0.013,0.256,0.308,0.139,-0.046,0.213,0.054,0.11,0.149,0.179,0.116,0.153,0.1,0.295,0.183,0.901574999999994,0.649,0.707,0.93,0.903,0.866,0.816,0.887,0.859,0.878,0.906,0.739,0.654,0.612,0.589,0.521,0.577,28.0,42.2,55.2,1.9,79.0
88,Thailand,5.987974999999997,5.885,5.784,5.636,5.476,6.217,6.664,6.3,6.231,6.985,6.202,6.074,5.939,6.012,6.022,5.885,5.985,9.448224999999994,9.461,9.508,9.52,9.508,9.576,9.579,9.645,9.667,9.672,9.699,9.729,9.765,9.803,9.824,9.769,9.805,0.8887499999999998,0.894,0.889,0.832,0.893,0.898,0.884,0.906,0.926,0.933,0.866,0.908,0.877,0.873,0.903,0.867,0.888,64.214875,64.14,64.48,64.82,65.16,65.5,65.72,65.94,66.16,66.38,66.6,66.8,67.0,67.2,67.4,67.6,67.401,0.8620999999999999,0.863,0.87,0.868,0.868,0.86,0.927,0.847,0.781,0.9,0.885,0.924,0.923,0.905,0.898,0.84,0.884,0.4811500000000031,0.331,0.391,0.425,0.525,0.536,0.4,0.38,0.456,0.553,0.316,0.356,0.212,0.259,0.309,0.273,0.287,0.9257500000000007,0.935,0.898,0.933,0.904,0.917,0.923,0.909,0.925,0.92,0.914,0.878,0.884,0.907,0.877,0.918,0.895,24.0,43.7,85.1,11.2,1.1
89,Tunisia,5.209142857142865,5.162582417582428,5.11602197802199,5.069461538461539,5.025,5.131,4.876,4.464,5.246,4.764,5.132,4.521,4.124,4.741,4.315,4.731,4.596,9.186571428571428,9.192445054945054,9.198318681318682,9.204192307692308,9.197,9.222,9.192,9.222,9.24,9.26,9.261,9.262,9.269,9.284,9.283,9.231,9.266,0.7378251748251756,0.7334370629370639,0.7290489510489522,0.7246608391608405,0.7202727272727287,0.863,0.715,0.614,0.648,0.68,0.609,0.702,0.717,0.733,0.61,0.719,0.691,63.9615054945055,64.1804395604396,64.39937362637363,64.61830769230772,64.96,65.1,65.28,65.46,65.64,65.82,66.0,66.3,66.6,66.9,67.2,67.5,67.201,0.63421978021978,0.6333901098901098,0.6325604395604394,0.631730769230769,0.781,0.624,0.603,0.568,0.536,0.589,0.711,0.614,0.478,0.65,0.659,0.668,0.656,-0.14309890109890055,-0.14787362637362556,-0.15264835164835233,-0.15742307692307733,-0.119,-0.135,-0.199,-0.176,-0.207,-0.232,-0.226,-0.165,-0.219,-0.191,-0.209,-0.202,-0.201,0.7656263736263735,0.7729560439560448,0.7802857142857142,0.7876153846153855,0.722,0.732,0.913,0.899,0.886,0.783,0.815,0.811,0.869,0.84,0.889,0.877,0.87,69.0,33.3,69.1,7.7,9.1
90,Turkey,4.719,5.283208955223877,5.623,5.118,5.213,5.49,5.272,5.309,4.888,5.58,5.514,5.326,5.607,5.186,4.872,4.862,4.948,9.809,9.837486567164184,9.903,9.899,9.838,9.906,9.996,10.026,10.091,10.124,10.166,10.181,10.238,10.251,10.246,10.219,10.24,0.82,0.7470507462686573,0.792,0.645,0.755,0.795,0.692,0.739,0.795,0.863,0.851,0.88,0.876,0.847,0.792,0.857,0.822,62.6,63.03746865671633,63.32,63.68,64.04,64.4,64.64,64.88,65.12,65.36,65.6,66.0,66.4,66.8,67.2,67.6,67.199,0.623,0.4913402985074633,0.459,0.415,0.456,0.515,0.446,0.471,0.541,0.649,0.653,0.644,0.644,0.529,0.631,0.51,0.576,-0.2150261904761912,-0.2087047619047624,-0.178,-0.189,-0.227,-0.187,-0.242,-0.216,-0.229,-0.024,-0.016,-0.065,-0.237,-0.176,-0.136,-0.111,-0.139,0.877,0.7977343283582092,0.8,0.785,0.853,0.811,0.649,0.702,0.698,0.764,0.806,0.764,0.671,0.805,0.76,0.774,0.776,38.0,39.8,81.8,13.1,2.4
91,Uganda,4.161974999999998,3.734,4.456,4.569,4.612,4.193,4.826,4.309,3.71,3.77,4.238,4.233,4.001,4.322,4.948,4.641,4.636,7.418274999999994,7.37,7.419,7.471,7.505,7.528,7.586,7.592,7.595,7.611,7.627,7.637,7.638,7.66,7.688,7.684,7.677,0.8471499999999992,0.76,0.845,0.813,0.852,0.83,0.882,0.885,0.878,0.821,0.747,0.754,0.74,0.74,0.805,0.8,0.781,46.77487499999984,46.48,47.46,48.44,49.42,50.4,51.22,52.04,52.86,53.68,54.5,54.9,55.3,55.7,56.1,56.5,56.101,0.7233249999999998,0.747,0.708,0.578,0.76,0.801,0.733,0.649,0.763,0.834,0.758,0.739,0.772,0.729,0.704,0.687,0.709,-0.056125000000001535,-0.041,-0.001,-0.055,-0.037,-0.015,0.032,0.081,0.053,0.009,0.135,0.132,0.06,0.079,0.139,0.147,0.122,0.8407749999999998,0.807,0.881,0.848,0.84,0.855,0.83,0.838,0.82,0.898,0.873,0.811,0.816,0.856,0.826,0.878,0.855,50.0,37.6,68.6,2.5,66.6
92,Ukraine,5.055625000000006,4.804,5.252,5.172,5.166,5.058,5.083,5.03,4.711,4.297,3.965,4.029,4.311,4.662,4.702,5.27,4.875,9.407675,9.38,9.459,9.488,9.332,9.374,9.431,9.436,9.438,9.426,9.327,9.353,9.382,9.42,9.458,9.428,9.436,0.8487749999999998,0.852,0.82,0.86,0.845,0.884,0.859,0.898,0.897,0.877,0.909,0.885,0.858,0.901,0.883,0.885,0.888,60.279750000000035,60.12,60.64,61.16,61.68,62.2,62.5,62.8,63.1,63.4,63.7,64.0,64.3,64.6,64.9,65.2,64.902,0.4558750000000025,0.624,0.494,0.487,0.46,0.484,0.579,0.564,0.569,0.533,0.431,0.503,0.599,0.663,0.715,0.784,0.724,-0.3070249999999959,-0.257,-0.241,-0.265,-0.241,-0.189,-0.228,-0.223,-0.216,0.084,-0.033,0.011,-0.002,-0.074,-0.081,0.126,-0.011,0.9468999999999999,0.929,0.968,0.929,0.962,0.954,0.933,0.896,0.937,0.927,0.952,0.891,0.937,0.943,0.885,0.946,0.924,96.0,26.3,90.1,10.2,0.5
93,United Kingdom,6.984,6.875728358208956,6.802,6.986,6.907,7.029,6.869,6.881,6.918,6.758,6.515,6.824,7.103,7.233,7.157,6.798,7.064,10.663,10.663534328358208,10.699,10.689,10.638,10.649,10.657,10.664,10.679,10.697,10.712,10.724,10.736,10.743,10.751,10.626,10.707,0.979,0.9639194029850744,0.97,0.954,0.964,0.955,0.949,0.935,0.937,0.91,0.936,0.954,0.937,0.928,0.943,0.929,0.934,69.9,70.40674626865672,70.46,70.74,71.02,71.3,71.38,71.46,71.54,71.62,71.7,71.9,72.1,72.3,72.5,72.7,72.5,0.922,0.8522746268656716,0.838,0.759,0.816,0.841,0.9,0.889,0.905,0.857,0.833,0.821,0.813,0.838,0.854,0.885,0.859,0.40166428571428625,0.391057142857143,0.336,0.331,0.341,0.403,0.336,0.371,0.346,0.355,0.3,0.25,0.291,0.226,0.271,0.203,0.233,0.398,0.5025313432835823,0.498,0.548,0.559,0.587,0.438,0.425,0.568,0.484,0.456,0.458,0.419,0.404,0.485,0.49,0.459,74.0,32.8,73.5,39.4,10.9
94,United States,7.32255,7.182,7.513,7.28,7.158,7.164,7.115,7.026,7.249,7.151,6.864,6.804,6.992,6.883,6.944,7.028,6.951,10.883575,10.924,10.933,10.922,10.888,10.905,10.913,10.928,10.939,10.956,10.977,10.986,11.001,11.025,11.043,11.001,11.023,0.9373277576853529,0.965,0.9335678119349011,0.953,0.912,0.926,0.922,0.903,0.925,0.902,0.904,0.897,0.921,0.904,0.917,0.937,0.92,68.51,68.06,68.22,68.38,68.54,68.7,68.68,68.66,68.64,68.62,68.6,68.5,68.4,68.3,68.2,68.1,68.2,0.8680000000000003,0.911,0.872,0.878,0.831,0.828,0.863,0.823,0.792,0.866,0.849,0.758,0.868,0.825,0.836,0.85,0.837,0.2747083333333329,0.2643333333333331,0.197,0.255,0.201,0.244,0.161,0.215,0.274,0.221,0.219,0.144,0.197,0.116,0.144,0.034,0.098,0.6519999999999992,0.6,0.633,0.668,0.665,0.69,0.697,0.71,0.747,0.702,0.698,0.739,0.681,0.71,0.707,0.678,0.698,49.0,37.8,85.9,48.9,16.8
95,Uruguay,5.905974999999984,5.786,5.694,5.664,6.296,6.062,6.554,6.45,6.444,6.561,6.628,6.171,6.336,6.372,6.6,6.31,6.431,9.613875000000007,9.543,9.604,9.671,9.71,9.782,9.83,9.861,9.904,9.932,9.932,9.946,9.968,9.98,9.979,9.937,9.966,0.8839500000000005,0.912,0.875,0.879,0.924,0.893,0.891,0.865,0.917,0.902,0.891,0.9,0.914,0.917,0.933,0.921,0.925,67.39499999999998,67.44,67.58,67.72,67.86,68.0,68.14,68.28,68.42,68.56,68.7,68.8,68.9,69.0,69.1,69.2,69.1,0.8008000000000006,0.807,0.786,0.808,0.825,0.832,0.851,0.871,0.888,0.904,0.917,0.886,0.898,0.876,0.903,0.908,0.896,-0.11514999999999898,-0.113,-0.165,-0.143,-0.118,-0.158,-0.08,0.067,-0.043,-0.073,-0.032,-0.072,-0.091,-0.097,-0.095,-0.084,-0.092,0.543474999999999,0.477,0.614,0.597,0.544,0.471,0.556,0.615,0.586,0.533,0.673,0.676,0.627,0.683,0.599,0.491,0.59,53.0,37.0,63.9,19.5,1.4
96,Vietnam,5.3889803345388785,5.294,5.422,5.48,5.304,5.296,5.767,5.535,5.023,5.085,5.076,5.062,5.175,5.296,5.467,5.247446654611213,5.411,8.301554475587707,8.335,8.394,8.44,8.483,8.535,8.585,8.626,8.668,8.716,8.77,8.82,8.876,8.934,8.992,8.998705244122974,8.973,0.8282209391839876,0.888,0.856,0.805,0.815,0.787,0.898,0.775,0.759,0.792,0.849,0.876,0.8320638953040801,0.832,0.848,0.8330246343341031,0.85,65.70666591320077,65.86,66.02,66.18,66.34,66.5,66.66,66.82,66.98,67.14,67.3,67.5,67.7,67.9,68.1,68.1158408679928,68.034,0.851092250922509,0.886,0.918,0.889,0.834,0.831,0.818,0.856,0.92,0.894481549815497,0.899302583025829,0.894,0.908944649446493,0.909,0.952,0.923407749077489,0.94,0.0887013086989974,0.015,0.089,0.201,-0.062,-0.006,0.105,-0.11,-0.027,0.0,0.086,-0.09,-0.055058506543495866,-0.041,-0.126,-0.0909984603541183,-0.098,0.7713997574777691,0.7731705739692809,0.754,0.789,0.838,0.743,0.742,0.815,0.771,0.7873371059013743,0.7891079223928861,0.799,0.7926495553759096,0.808,0.788,0.797962004850445,0.796,29.0,42.2,74.5,6.8,11.6
97,Zambia,4.997153955954332,4.824,3.998,4.73,5.26,4.723859706362163,4.999,5.013,5.244,4.346,4.843,4.348,3.933,4.041,3.307,4.838,4.073,7.891507137030992,7.817,7.871,7.918,7.978,7.994880913539966,8.071,8.114,8.131,8.146,8.144,8.151,8.156,8.167,8.155,8.117,8.145,0.7556896411092984,0.798,0.688,0.624,0.782,0.7442642740619902,0.864,0.78,0.761,0.706,0.691,0.767,0.744,0.718,0.638,0.767,0.708,45.16920371125616,44.26,45.72,47.18,48.64,49.06885807504091,50.84,51.58,52.32,53.06,53.8,54.3,54.8,55.3,55.8,56.3,55.809,0.693825040783036,0.721,0.682,0.717,0.696,0.73083360522023,0.663,0.788,0.77,0.812,0.759,0.812,0.823,0.791,0.811,0.75,0.782,-0.057491639477976975,-0.006,-0.067,0.056,-0.096,-0.0151109298531793,0.003,0.008,-0.104,-0.011,-0.039,0.122,0.14,0.048,0.077,0.056,0.061,0.8781294861337692,0.785,0.948,0.89,0.917,0.8496965742251241,0.882,0.806,0.732,0.809,0.871,0.771,0.74,0.811,0.832,0.81,0.823,4.0,49.5,81.0,1.6,74.3
98,Zimbabwe,4.313250000000011,3.826,3.28,3.174,4.056,4.682,4.846,4.955,4.69,4.184,3.703,3.735,3.638,3.616,2.694,3.16,3.145,7.630074999999998,7.711,7.666,7.461,7.563,7.729,7.846,7.983,7.985,7.991,7.992,7.984,8.016,8.049,7.95,7.829,7.943,0.864374999999999,0.822,0.828,0.843,0.806,0.857,0.865,0.896,0.799,0.766,0.736,0.768,0.754,0.775,0.759,0.717,0.75,41.499874999999975,41.58,42.86,44.14,45.42,46.7,48.12,49.54,50.96,52.38,53.8,54.4,55.0,55.6,56.2,56.8,56.201,0.4156249999999986,0.431,0.456,0.344,0.411,0.665,0.633,0.47,0.576,0.642,0.667,0.733,0.753,0.763,0.632,0.643,0.677,-0.1014999999999997,-0.076,-0.082,-0.09,-0.078,-0.093,-0.088,-0.103,-0.104,-0.074,-0.123,-0.095,-0.098,-0.068,-0.064,-0.009,-0.047,0.9274249999999995,0.905,0.946,0.964,0.931,0.828,0.83,0.859,0.831,0.82,0.81,0.724,0.751,0.844,0.831,0.789,0.821,36.0,39.8,73.0,3.4,47.2
