,Life Ladder_2007,Life Ladder_2008,Life Ladder_2009,Life Ladder_2010,Life Ladder_2011,Life Ladder_2012,Life Ladder_2013,Life Ladder_2014,Life Ladder_2015,Life Ladder_2016,Life Ladder_2017,Life Ladder_2018,Life Ladder_2019,Life Ladder_2020,Life Ladder_2021,Log GDP per capita_2007,Log GDP per capita_2008,Log GDP per capita_2009,Log GDP per capita_2010,Log GDP per capita_2011,Log GDP per capita_2012,Log GDP per capita_2013,Log GDP per capita_2014,Log GDP per capita_2015,Log GDP per capita_2016,Log GDP per capita_2017,Log GDP per capita_2018,Log GDP per capita_2019,Log GDP per capita_2020,Log GDP per capita_2021,Social support_2007,Social support_2008,Social support_2009,Social support_2010,Social support_2011,Social support_2012,Social support_2013,Social support_2014,Social support_2015,Social support_2016,Social support_2017,Social support_2018,Social support_2019,Social support_2020,Social support_2021,Healthy life expectancy at birth_2007,Healthy life expectancy at birth_2008,Healthy life expectancy at birth_2009,Healthy life expectancy at birth_2010,Healthy life expectancy at birth_2011,Healthy life expectancy at birth_2012,Healthy life expectancy at birth_2013,Healthy life expectancy at birth_2014,Healthy life expectancy at birth_2015,Healthy life expectancy at birth_2016,Healthy life expectancy at birth_2017,Healthy life expectancy at birth_2018,Healthy life expectancy at birth_2019,Healthy life expectancy at birth_2020,Healthy life expectancy at birth_2021,Freedom to make life choices_2007,Freedom to make life choices_2008,Freedom to make life choices_2009,Freedom to make life choices_2010,Freedom to make life choices_2011,Freedom to make life choices_2012,Freedom to make life choices_2013,Freedom to make life choices_2014,Freedom to make life choices_2015,Freedom to make life choices_2016,Freedom to make life choices_2017,Freedom to make life choices_2018,Freedom to make life choices_2019,Freedom to make life choices_2020,Freedom to make life choices_2021,Generosity_2007,Generosity_2008,Generosity_2009,Generosity_2010,Generosity_2011,Generosity_2012,Generosity_2013,Generosity_2014,Generosity_2015,Generosity_2016,Generosity_2017,Generosity_2018,Generosity_2019,Generosity_2020,Generosity_2021,Perceptions of corruption_2007,Perceptions of corruption_2008,Perceptions of corruption_2009,Perceptions of corruption_2010,Perceptions of corruption_2011,Perceptions of corruption_2012,Perceptions of corruption_2013,Perceptions of corruption_2014,Perceptions of corruption_2015,Perceptions of corruption_2016,Perceptions of corruption_2017,Perceptions of corruption_2018,Perceptions of corruption_2019,Perceptions of corruption_2020,Perceptions of corruption_2021
Afghanistan,4.558258089976334,3.724,4.402,4.758,3.832,3.783,3.572,3.131,3.983,4.22,2.662,2.694,2.375,2.636751381215447,2.523,7.539947119179164,7.37,7.54,7.647,7.62,7.705,7.725,7.718,7.702,7.697,7.697,7.692,7.697,7.74988121546961,7.695,0.5311696921862659,0.451,0.552,0.539,0.521,0.521,0.484,0.526,0.529,0.559,0.491,0.508,0.42,0.48295580110497127,0.463,51.37036069455402,50.8,51.2,51.6,51.92,52.24,52.56,52.88,53.2,53.0,52.8,52.6,52.4,53.04881767955797,52.493,0.6849644830307824,0.718,0.679,0.6,0.496,0.531,0.578,0.509,0.389,0.523,0.427,0.374,0.394,0.3593232044198871,0.382,0.2509700078926542,0.168,0.19,0.121,0.162,0.236,0.061,0.104,0.08,0.042,-0.121,-0.094,-0.108,-0.10562707182320707,-0.102,0.7645288082083681,0.882,0.85,0.707,0.731,0.776,0.823,0.871,0.881,0.793,0.954,0.928,0.924,0.9206878453038669,0.924
Albania,4.634,5.125414201183428,5.485,5.269,5.867,5.51,4.551,4.814,4.607,4.511,4.64,5.004,4.995,5.365,5.117,9.142,9.229180473372786,9.262,9.303,9.331,9.347,9.359,9.378,9.403,9.437,9.476,9.518,9.544,9.497,9.52,0.821,0.7842248520710058,0.833,0.733,0.759,0.785,0.759,0.626,0.639,0.638,0.638,0.684,0.686,0.71,0.697,65.8,65.95927514792896,66.2,66.4,66.68,66.96,67.24,67.52,67.8,68.1,68.4,68.7,69.0,69.3,68.999,0.529,0.5203165680473418,0.525,0.569,0.487,0.602,0.632,0.735,0.704,0.73,0.75,0.824,0.777,0.754,0.785,-0.009,-0.13925443786981972,-0.158,-0.172,-0.205,-0.169,-0.127,-0.025,-0.081,-0.017,-0.029,0.009,-0.099,0.007,-0.03,0.875,0.8352928994082855,0.864,0.726,0.877,0.848,0.863,0.883,0.885,0.901,0.876,0.899,0.914,0.891,0.901
Argentina,6.073,5.961,6.424,6.441,6.776,6.468,6.582,6.671,6.697,6.427,6.039,5.793,6.086,5.901,5.929,10.018,10.048,9.977,10.066,10.112,10.091,10.103,10.067,10.083,10.051,10.067,10.032,10.0,9.85,9.962,0.862,0.892,0.919,0.927,0.889,0.902,0.91,0.918,0.926,0.883,0.907,0.9,0.896,0.897,0.898,66.94,67.06,67.18,67.3,67.48,67.66,67.84,68.02,68.2,68.4,68.6,68.8,69.0,69.2,69.0,0.653,0.678,0.637,0.73,0.816,0.747,0.737,0.745,0.881,0.848,0.832,0.846,0.817,0.823,0.828,-0.141,-0.132,-0.13,-0.126,-0.174,-0.148,-0.13,-0.164,-0.174,-0.192,-0.186,-0.211,-0.211,-0.122,-0.182,0.881,0.865,0.885,0.855,0.755,0.817,0.823,0.854,0.851,0.851,0.841,0.855,0.83,0.816,0.834
Armenia,4.882,4.652,4.178,4.368,4.26,4.32,4.277,4.453,4.348,4.325,4.288,5.062,5.488,4.901260355029564,5.283,9.181,9.256,9.111,9.136,9.182,9.249,9.277,9.307,9.334,9.333,9.402,9.451,9.522,9.47821893491124,9.487,0.76,0.709,0.68,0.66,0.705,0.676,0.723,0.739,0.723,0.709,0.698,0.814,0.782,0.768242603550295,0.799,64.9,65.0,65.1,65.2,65.36,65.52,65.68,65.84,66.0,66.3,66.6,66.9,67.2,67.05977810650887,67.055,0.605,0.462,0.441,0.459,0.465,0.502,0.504,0.506,0.551,0.611,0.614,0.808,0.844,0.7560207100591754,0.825,-0.251,-0.215,-0.214,-0.176,-0.225,-0.215,-0.195,-0.218,-0.203,-0.17,-0.147,-0.163,-0.172,-0.16110946745562238,-0.168,0.817,0.876,0.882,0.891,0.875,0.893,0.9,0.92,0.901,0.921,0.865,0.677,0.583,0.7265562130177585,0.629
Australia,7.285,7.254,7.336073342736249,7.45,7.406,7.196,7.364,7.289,7.309,7.25,7.257,7.177,7.234,7.137,7.183,10.703,10.719,10.727545839210153,10.722,10.733,10.754,10.762,10.772,10.779,10.791,10.798,10.811,10.815,10.76,10.796,0.965,0.947,0.9525458392101549,0.955,0.967,0.945,0.928,0.924,0.952,0.942,0.95,0.94,0.943,0.937,0.94,71.72,71.88,71.93370944992944,72.2,72.3,72.4,72.5,72.6,72.7,73.0,73.3,73.6,73.9,74.2,73.9,0.891,0.916,0.9227334273624824,0.932,0.945,0.935,0.933,0.923,0.922,0.922,0.911,0.916,0.918,0.905,0.914,0.347,0.305,0.3391593794076151,0.317,0.369,0.274,0.269,0.319,0.332,0.239,0.317,0.146,0.121,0.21,0.159,0.513,0.431,0.41610578279266575,0.366,0.382,0.368,0.432,0.442,0.357,0.399,0.411,0.405,0.43,0.491,0.442
Austria,7.3057557221783735,7.181,7.292555248618784,7.303,7.471,7.401,7.499,6.95,7.076,7.048,7.294,7.396,7.195,7.213,7.268,10.87336543014996,10.887,10.878011049723757,10.861,10.887,10.889,10.883,10.882,10.881,10.891,10.908,10.928,10.939,10.851,10.906,0.9308729281767958,0.935,0.930497237569061,0.914,0.944,0.945,0.95,0.899,0.928,0.926,0.906,0.912,0.964,0.925,0.934,70.72385161799525,71.08,71.12132596685086,71.4,71.54,71.68,71.82,71.96,72.1,72.4,72.7,73.0,73.3,73.6,73.3,0.9025335438042621,0.879,0.9028066298342543,0.896,0.939,0.92,0.922,0.885,0.9,0.889,0.89,0.904,0.903,0.912,0.908,0.22693764798736993,0.291,0.19753591160220907,0.131,0.132,0.118,0.168,0.118,0.099,0.08,0.133,0.053,0.06,0.011,0.042,0.7055220994475206,0.614,0.6711961325966911,0.546,0.703,0.771,0.679,0.567,0.557,0.524,0.518,0.523,0.457,0.464,0.481
Azerbaijan,4.568,4.817,4.574,4.219,4.68,4.911,5.481,5.252,5.147,5.304,5.152,5.168,5.173,5.340467455621294,5.171,9.386,9.465,9.534,9.569,9.54,9.549,9.592,9.607,9.606,9.564,9.555,9.562,9.575,9.60253550295858,9.569,0.753,0.684,0.736,0.687,0.725,0.762,0.77,0.799,0.786,0.777,0.787,0.781,0.887,0.8346745562130167,0.836,62.26,62.64,63.02,63.4,63.64,63.88,64.12,64.36,64.6,64.9,65.2,65.5,65.8,65.88229585798808,65.656,0.522,0.601,0.498,0.501,0.537,0.599,0.672,0.733,0.764,0.713,0.731,0.772,0.854,0.8300118343195209,0.814,-0.207,-0.029,-0.087,-0.123,-0.105,-0.14,-0.168,-0.208,-0.198,-0.204,-0.225,-0.232,-0.214,-0.23641124260355184,-0.223,0.871,0.715,0.754,0.858,0.795,0.763,0.699,0.654,0.616,0.607,0.653,0.561,0.457,0.5124289940828461,0.506
Bahrain,5.240388969521035,5.345564586357028,5.701,5.937,4.824,5.027,6.69,6.165,6.007,6.17,6.227,6.397320754716986,7.098,6.173,6.647,10.749917755200773,10.746788582486694,10.709,10.706,10.696,10.716,10.757,10.783,10.785,10.781,10.771,10.715496855345911,10.715,10.62,10.669,0.9079671610169493,0.9042039194915255,0.904,0.877,0.908,0.911,0.884,0.8816244703389833,0.853,0.863,0.876,0.8665715042372879,0.878,0.848,0.862,65.26532414126757,65.5863038219643,65.94,66.3,66.58,66.86,67.14,67.42,67.7,68.1,68.5,68.79610062893084,69.3,69.7,69.495,0.7986398305084741,0.8074300847457607,0.896,0.862,0.87,0.682,0.809,0.8601716101694912,0.85,0.889,0.906,0.8953326271186413,0.907,0.945,0.925,-0.015474683544304924,-0.005751054852321857,0.037,-0.001,-0.051,0.03314345991561041,0.04286708860759347,0.05259071729957654,0.112,0.088,0.136,0.09148523206751236,0.048,0.132,0.089,0.5107071428571395,0.5231999999999957,0.506,0.715,0.583,0.438,0.525,0.59815714285714,0.6106499999999961,0.6231428571428523,0.6356357142857121,0.6481285714285683,0.6606214285714245,0.6731142857142842,0.722
Bangladesh,4.607,5.052,5.083,4.858,4.986,4.724,4.66,4.636,4.633,4.556,4.31,4.499,5.114,5.28,5.025,7.839,7.886,7.924,7.967,8.018,8.07,8.116,8.164,8.216,8.274,8.334,8.399,8.467,8.472,8.454,0.514,0.467,0.528,0.549,0.606,0.582,0.53,0.577,0.601,0.649,0.713,0.706,0.673,0.739,0.693,59.44,59.86,60.28,60.7,61.12,61.54,61.96,62.38,62.8,63.3,63.8,64.3,64.8,65.3,64.8,0.605,0.606,0.631,0.659,0.838,0.668,0.742,0.736,0.815,0.875,0.896,0.901,0.902,0.777,0.877,0.04,-0.044,-0.075,-0.016,-0.069,-0.034,-0.016,-0.098,-0.068,-0.089,0.012,-0.043,-0.051,-0.009,-0.041,0.806,0.802,0.776,0.774,0.757,0.765,0.743,0.789,0.721,0.688,0.635,0.701,0.656,0.742,0.682
Belarus,5.617,5.463,5.564,5.526,5.225,5.749,5.876,5.812,5.719,5.178,5.553,5.234,5.821,5.5573224852071,5.534,9.576,9.677,9.681,9.758,9.812,9.83,9.839,9.856,9.815,9.788,9.814,9.846,9.86,9.885615384615384,9.853,0.858,0.904,0.908,0.918,0.91,0.902,0.923,0.88,0.924,0.927,0.9,0.905,0.917,0.9165502958579879,0.91,61.4,61.7,62.0,62.3,62.88,63.46,64.04,64.62,65.2,65.5,65.8,66.1,66.4,66.77225739644962,66.253,0.667,0.64,0.679,0.7,0.656,0.645,0.723,0.647,0.623,0.658,0.621,0.644,0.657,0.6438816568047336,0.65,-0.225,-0.22,-0.203,-0.163,-0.168,-0.217,-0.177,-0.048,-0.091,-0.125,-0.122,-0.174,-0.186,-0.1349585798816566,-0.18,0.695,0.696,0.676,0.706,0.672,0.657,0.653,0.682,0.669,0.664,0.654,0.718,0.546,0.6311183431952667,0.627
Belgium,7.219,7.117,7.074200282087446,6.854,7.111,6.935,7.104,6.855,6.904,6.949,6.928,6.892,6.772,6.839,6.834,10.792,10.789,10.786057827926658,10.779,10.783,10.784,10.784,10.795,10.81,10.819,10.834,10.844,10.853,10.771,10.823,0.922,0.923,0.9279167842031026,0.931,0.937,0.927,0.909,0.944,0.885,0.929,0.922,0.93,0.884,0.904,0.906,70.26,70.44,70.5852595204513,70.8,70.92,71.04,71.16,71.28,71.4,71.6,71.8,72.0,72.2,72.4,72.199,0.901,0.887,0.8846445698166416,0.807,0.88,0.855,0.891,0.861,0.869,0.866,0.857,0.808,0.776,0.767,0.783,0.069,0.007,0.04055430183356634,0.022,-0.014,-0.05,0.017,0.001,0.062,-0.056,0.054,-0.125,-0.172,-0.164,-0.153,0.721,0.652,0.6603328631875875,0.697,0.711,0.758,0.574,0.512,0.469,0.497,0.543,0.63,0.672,0.634,0.646
Benin,2.9264723320158623,3.667,3.2299189723320296,3.3816422924901417,3.87,3.193,3.479,3.347,3.625,4.007,4.853,5.82,4.976,4.408,5.045,7.860920948616609,7.915,7.895339920948622,7.912549407114632,7.904,7.923,7.964,7.998,7.988,7.993,8.021,8.059,8.098,8.102,8.087,0.46207509881422837,0.382,0.4665770750988134,0.46882806324110593,0.477,0.523,0.577,0.506,0.434,0.493,0.436,0.504,0.442,0.507,0.489,50.619775691699715,50.9,51.26728952569181,51.59104644268791,51.98,52.26,52.54,52.82,53.1,53.5,53.9,54.3,54.7,55.1,54.713,0.7471077075098815,0.709,0.7492618577075101,0.7503389328063244,0.773,0.769,0.783,0.776,0.733,0.78,0.727,0.713,0.77,0.783,0.757,-0.08841501976284594,-0.004,-0.08171541501976254,-0.07836561264822173,-0.142,-0.111,-0.085,-0.096,-0.027,-0.065,-0.065,0.002,-0.016,-0.083,-0.034,0.9327411067193623,0.825,0.8945632411067095,0.8754743083003902,0.849,0.806,0.856,0.855,0.85,0.838,0.767,0.747,0.698,0.532,0.661
Bolivia,5.628,5.298,6.086,5.781,5.779,6.019,5.767,5.865,5.834,5.77,5.651,5.916,5.674,5.559,5.716,8.714,8.756,8.773,8.797,8.831,8.865,8.915,8.953,8.985,9.012,9.039,9.066,9.074,8.998,9.046,0.796,0.785,0.831,0.807,0.817,0.781,0.803,0.821,0.829,0.796,0.779,0.827,0.784,0.805,0.81,59.5,60.0,60.5,61.0,61.34,61.68,62.02,62.36,62.7,63.0,63.3,63.6,63.9,64.2,63.901,0.78,0.726,0.779,0.703,0.782,0.862,0.846,0.881,0.884,0.882,0.884,0.863,0.881,0.877,0.875,0.001,-0.092,-0.036,-0.068,-0.039,-0.015,-0.067,0.018,-0.03,-0.047,-0.12,-0.093,-0.086,-0.054,-0.077,0.817,0.801,0.763,0.781,0.825,0.84,0.812,0.832,0.862,0.853,0.819,0.786,0.857,0.868,0.839
Bosnia and Herzegovina,4.9,4.7211301775147945,4.963,4.669,4.995,4.773,5.124,5.249,5.117,5.181,5.09,5.887,6.016,5.516,5.813,9.267,9.263337278106512,9.296,9.312,9.333,9.342,9.382,9.411,9.457,9.5,9.532,9.576,9.609,9.583,9.59,0.766,0.724707100591715,0.735,0.773,0.725,0.779,0.767,0.788,0.656,0.808,0.775,0.836,0.873,0.899,0.87,66.04,66.17500000000001,66.48,66.7,66.74,66.78,66.82,66.86,66.9,67.2,67.5,67.8,68.1,68.4,68.098,0.342,0.27900591715976475,0.258,0.365,0.333,0.42,0.39,0.412,0.631,0.633,0.564,0.659,0.722,0.74,0.706,0.006,-0.03994082840236857,-0.026,-0.128,-0.035,-0.013,0.042,0.232,-0.055,0.134,0.092,0.123,0.079,0.138,0.113,0.926,0.9484408284023669,0.959,0.933,0.925,0.953,0.97,0.976,0.96,0.957,0.923,0.913,0.963,0.916,0.931
Botswana,4.693192614770453,5.451,4.4790968063872185,3.553,3.52,4.836,4.128,4.031,3.762,3.499,3.505,3.461,3.471,3.301569860279443,3.467,9.558058882235528,9.59,9.596687624750494,9.556,9.6,9.632,9.728,9.756,9.724,9.748,9.756,9.778,9.785,9.809145708582832,9.782,0.8753792415169652,0.832,0.8600558882235507,0.866,0.86,0.837,0.856,0.859,0.816,0.768,0.768,0.795,0.774,0.7757774451097781,0.784,50.52488922155703,49.86,51.99445209580858,52.9,53.68,54.46,55.24,56.02,56.8,57.5,58.2,58.9,59.6,60.07704790419166,59.269,0.819745508982036,0.858,0.8201467065868264,0.826,0.813,0.799,0.767,0.791,0.857,0.852,0.817,0.818,0.833,0.8223532934131736,0.824,-0.1419810379241504,-0.164,-0.15689720558882136,-0.143,-0.25,-0.203,-0.154,-0.105,-0.116,-0.253,-0.248,-0.254,-0.239,-0.238936127744509,-0.246,0.8038592814371253,0.806,0.7997634730538916,0.814,0.816,0.814,0.749,0.743,0.86,0.729,0.731,0.807,0.792,0.7772365269461075,0.801
Brazil,6.321,6.691,7.001,6.837,7.038,6.66,7.14,6.981,6.547,6.375,6.333,6.191,6.451,6.11,6.33,9.515,9.555,9.544,9.607,9.637,9.647,9.668,9.664,9.62,9.578,9.583,9.589,9.592,9.522,9.577,0.886,0.878,0.913,0.906,0.916,0.89,0.91,0.898,0.907,0.912,0.905,0.882,0.899,0.831,0.882,63.78,64.02,64.26,64.5,64.76,65.02,65.28,65.54,65.8,66.0,66.2,66.4,66.6,66.8,66.601,0.777,0.782,0.767,0.806,0.834,0.849,0.785,0.714,0.799,0.807,0.765,0.751,0.83,0.786,0.804,-0.016,-0.078,-0.055,-0.054,-0.072,-0.07087046632124316,-0.095,-0.115,-0.016,-0.1,-0.175,-0.117,-0.062,-0.053,-0.071,0.728,0.688,0.723,0.656,0.662,0.623,0.707,0.71,0.771,0.781,0.794,0.763,0.762,0.729,0.756
Bulgaria,3.844,3.6903063096111737,3.827171680117374,3.912,3.875,4.222,3.993,4.438,4.865,4.838,5.097,5.099,5.108,5.598,5.266,9.715,9.71687123991196,9.742170946441675,9.765,9.795,9.804,9.813,9.838,9.883,9.928,9.969,10.007,10.047,9.991,10.016,0.832,0.8272373440939127,0.8365509904622179,0.843,0.86,0.838,0.829,0.886,0.908,0.926,0.942,0.924,0.948,0.916,0.931,65.1,65.30355832721938,65.44798239178289,65.7,65.8,65.9,66.0,66.1,66.2,66.4,66.6,66.8,67.0,67.2,67.0,0.566,0.5412582538518009,0.5607710931768182,0.545,0.664,0.641,0.603,0.576,0.637,0.7,0.689,0.724,0.822,0.818,0.788,-0.138,-0.18598349229640299,-0.1794578136463656,-0.144,-0.228,-0.172,-0.191,-0.055,-0.2,-0.17,-0.154,-0.176,-0.109,-0.004,-0.096,0.976,0.961882245047688,0.9588657373440928,0.941,0.948,0.938,0.962,0.955,0.941,0.936,0.911,0.952,0.943,0.901,0.932
Burkina Faso,4.017,3.846,3.9027153900211147,4.036,4.785,3.955,3.326,3.481,4.419,4.206,4.647,4.927,4.741,4.673523190442751,4.834,7.377,7.403,7.4360070274068875,7.453,7.487,7.52,7.546,7.559,7.568,7.596,7.627,7.665,7.691,7.694147575544626,7.678,0.771,0.727,0.7548179901616301,0.773,0.71,0.744,0.745,0.742,0.705,0.764,0.785,0.665,0.683,0.6986777933942374,0.672,47.42,48.18,49.04235628952904,49.7,50.24,50.78,51.32,51.86,52.4,52.9,53.4,53.9,54.4,54.731482080112414,54.151,0.582,0.612,0.6307835558678843,0.587,0.725,0.622,0.741,0.71,0.659,0.645,0.614,0.721,0.678,0.6979546732255795,0.695,-0.06,-0.101,-0.0656036542515821,-0.036,-0.105,-0.07,-0.016,-0.004,0.004,-0.001,-0.063,-0.013,-0.004,-0.0011767392832044976,-0.009,0.833,0.887,0.7939669711876327,0.767,0.707,0.726,0.765,0.801,0.693,0.721,0.727,0.757,0.729,0.7148063949402665,0.748
Cambodia,4.156,4.462,4.111,4.141,4.161,3.899,3.674,3.883,4.162,4.461,4.586,5.122,4.998,4.377,4.83,7.829,7.879,7.865,7.907,7.96,8.014,8.068,8.121,8.173,8.225,8.276,8.333,8.387,8.362,8.36,0.675,0.619,0.818,0.697,0.716,0.606,0.651,0.693,0.729,0.746,0.765,0.795,0.759,0.724,0.765,56.1,56.9,57.7,58.5,58.88,59.26,59.64,60.02,60.4,60.8,61.2,61.6,62.0,62.4,62.0,0.819,0.914,0.937,0.94,0.927,0.956,0.941,0.938,0.956,0.958,0.964,0.958,0.957,0.963,0.959,0.116,0.045,0.152,0.35,0.418,0.247,0.164,0.239,0.21,0.076,0.088,0.036,0.013,0.052,0.034,0.879,0.888,0.965,0.896,0.775,0.89,0.812,0.843,0.825,0.84,0.821,0.8352826086956515,0.828,0.863,0.843
Cameroon,4.35,4.292,4.741,4.554,4.434,4.245,4.271,4.24,5.038,4.816,5.074,5.251,4.937,5.241,5.142,8.028,8.034,8.029,8.035,8.048,8.065,8.09,8.12,8.149,8.167,8.176,8.19,8.203,8.175,8.189,0.717,0.697,0.729,0.759,0.738,0.743,0.76,0.778,0.646,0.659,0.695,0.677,0.711,0.72,0.71,46.56,47.14,47.72,48.3,48.7,49.1,49.5,49.9,50.3,51.1,51.9,52.7,53.5,54.3,53.515,0.644,0.58,0.698,0.792,0.817,0.766,0.794,0.795,0.791,0.713,0.767,0.816,0.712,0.675,0.731,-0.031,-0.069,-0.017,0.002,-0.029,-0.032,-0.03,-0.071,0.049,-0.003,-0.028,0.036,-0.008,0.049,0.026,0.91,0.945,0.925,0.875,0.87,0.898,0.867,0.856,0.868,0.879,0.844,0.884,0.817,0.837,0.848
Canada,7.482,7.486,7.488,7.65,7.426,7.415,7.594,7.304,7.413,7.245,7.415,7.175,7.109,7.025,7.103,10.739,10.738,10.697,10.717,10.738,10.744,10.757,10.775,10.774,10.773,10.792,10.798,10.8,10.73,10.776,0.9435494505494502,0.939,0.943,0.954,0.922,0.948,0.936,0.918,0.939,0.924,0.934,0.923,0.925,0.931,0.926,71.66,71.84,72.02,72.2,72.36,72.52,72.68,72.84,73.0,73.2,73.4,73.6,73.8,74.0,73.8,0.93,0.926,0.915,0.934,0.951,0.918,0.916,0.939,0.931,0.912,0.945,0.946,0.912,0.887,0.915,0.249,0.262,0.246,0.23,0.253,0.29,0.316,0.27,0.253,0.211,0.163,0.106,0.112,0.05,0.089,0.406,0.37,0.413,0.413,0.433,0.466,0.406,0.442,0.427,0.385,0.362,0.372,0.436,0.434,0.415
Chad,4.141,4.632,3.639,3.743,4.393,4.033,3.508,3.46,4.323,4.029,4.559,4.486,4.251,4.262849112426032,4.355,7.359,7.356,7.364,7.457,7.425,7.476,7.498,7.532,7.527,7.431,7.37,7.363,7.365,7.415840236686391,7.364,0.479,0.571,0.646,0.734,0.819,0.673,0.714,0.733,0.751,0.616,0.661,0.577,0.64,0.6675414201183427,0.619,43.66,44.14,44.62,45.1,45.42,45.74,46.06,46.38,46.7,47.2,47.7,48.2,48.7,48.68496449704139,48.478,0.295,0.527,0.401,0.505,0.54,0.563,0.488,0.567,0.474,0.525,0.615,0.65,0.537,0.607801775147923,0.579,-0.011,0.063,0.021,0.025,0.031,-0.034,-0.045,-0.07,-0.029,0.052,0.008,0.024,0.055,0.01806804733727807,0.041,0.874,0.944,0.931,0.858,0.876,0.884,0.882,0.881,0.889,0.82,0.792,0.763,0.832,0.8002810650887575,0.807
Chile,5.698,5.789,6.494,6.636,6.526,6.599,6.74,6.844,6.533,6.579,6.32,6.436,5.942,6.151,6.172,9.887,9.911,9.885,9.931,9.98,10.023,10.053,10.059,10.07,10.074,10.072,10.097,10.095,10.02,10.071,0.815,0.804,0.832,0.857,0.819,0.855,0.862,0.862,0.827,0.841,0.88,0.89,0.869,0.888,0.882,68.72,68.78,68.84,68.9,69.04,69.18,69.32,69.46,69.6,69.7,69.8,69.9,70.0,70.1,70.0,0.662,0.64,0.747,0.786,0.701,0.734,0.737,0.733,0.769,0.652,0.79,0.789,0.659,0.781,0.742,0.244,0.084,0.149,0.108,0.112,0.195,0.085,0.217,0.041,0.102,-0.02,-0.06,-0.103,0.033,-0.044,0.723,0.741,0.734,0.702,0.753,0.782,0.741,0.758,0.812,0.858,0.836,0.816,0.86,0.812,0.83
China,4.863,4.846,4.454,4.653,5.037,5.095,5.241,5.196,5.304,5.325,5.099,5.131,5.144,5.771,5.339,8.824,8.911,8.996,9.092,9.179,9.249,9.319,9.386,9.449,9.51,9.571,9.632,9.688,9.702,9.673,0.811,0.748,0.798,0.768,0.787,0.788,0.778,0.82,0.794,0.742,0.772,0.788,0.822,0.808,0.811,67.06,67.24,67.42,67.6,67.76,67.92,68.08,68.24,68.4,68.7,69.0,69.3,69.6,69.9,69.593,0.7843307692307704,0.853,0.771,0.805,0.824,0.808,0.805,0.8477076923076936,0.8567615384615408,0.8658153846153844,0.878,0.895,0.927,0.891,0.904,-0.176,-0.092,-0.16,-0.133,-0.186,-0.185,-0.158,-0.217,-0.244,-0.228,-0.175,-0.159,-0.173,-0.103,-0.146,0.755,0.755,0.755,0.755,0.755,0.755,0.755,0.755,0.755,0.755,0.755,0.755,0.755,0.755,0.755
Colombia,6.138,6.168,6.272,6.408,6.464,6.375,6.607,6.449,6.388,6.234,6.157,5.984,6.35,5.709,6.012,9.33,9.351,9.351,9.384,9.442,9.471,9.512,9.546,9.564,9.571,9.569,9.579,9.598,9.495,9.557,0.894,0.88,0.886,0.893,0.904,0.914,0.901,0.907,0.89,0.882,0.909,0.871,0.873,0.797,0.847,65.34,65.46,65.58,65.7,65.92,66.14,66.36,66.58,66.8,67.1,67.4,67.7,68.0,68.3,68.001,0.786,0.795,0.757,0.816,0.811,0.828,0.841,0.801,0.791,0.835,0.838,0.851,0.822,0.84,0.837,-0.04,-0.042,-0.055,-0.05,-0.073,-0.009,-0.071,-0.09,-0.1,-0.1,-0.157,-0.148,-0.172,-0.085,-0.135,0.86,0.763,0.837,0.815,0.847,0.868,0.898,0.887,0.843,0.898,0.875,0.855,0.854,0.808,0.841
Congo (Brazzaville),3.4917923462985527,3.82,3.7582126725218927,3.891422835633591,4.51,3.919,3.955,4.056,4.691,4.119,4.884,5.49,5.213,5.223524466750291,5.342,8.18555583437892,8.082,8.180702634880802,8.178276035131745,8.18,8.192,8.201,8.242,8.243,8.19,8.146,8.136,8.101,8.154010037641154,8.117,0.6125501882057716,0.555,0.6179742785445423,0.6206863237139277,0.637,0.622,0.68,0.686,0.642,0.615,0.655,0.621,0.625,0.647806775407779,0.636,52.34693538268505,52.2,53.30566436637389,53.78502885821831,54.58,54.96,55.34,55.72,56.1,56.7,57.3,57.9,58.5,58.57867377666241,58.221,0.6671367628607268,0.526,0.6806424090338759,0.6873952321204513,0.745,0.773,0.726,0.662,0.85,0.786,0.778,0.699,0.686,0.7549234629861967,0.695,-0.1161568381430369,-0.098,-0.11023212045169384,-0.1072697616060232,-0.109,-0.112,-0.078,-0.11,-0.104,-0.072,-0.131,-0.092,-0.046,-0.07764617314931055,-0.068,0.8524502164502152,0.8441536796536795,0.8358571428571437,0.8275606060606044,0.833,0.8,0.752,0.808,0.841,0.79,0.763,0.738,0.741,0.7445952380952363,0.745
Costa Rica,7.432,6.851,7.615,7.271,7.229,7.272,7.158,7.247,6.854,7.136,7.225,7.141,6.998,7.051431952662725,7.069,9.63,9.662,9.639,9.675,9.705,9.74,9.751,9.775,9.799,9.83,9.858,9.874,9.885,9.899713017751473,9.88,0.918,0.916,0.9,0.915,0.892,0.902,0.902,0.914,0.878,0.901,0.922,0.876,0.906,0.8934940828402369,0.891,69.88,69.82,69.76,69.7,69.9,70.1,70.3,70.5,70.7,70.9,71.1,71.3,71.5,71.43153846153842,71.4,0.923,0.912,0.886,0.881,0.926,0.929,0.898,0.927,0.907,0.873,0.936,0.942,0.927,0.9267958579881652,0.934,0.098,0.096,0.065,0.047,-0.033,0.046,0.018,0.01,-0.059,-0.032,-0.076,-0.107,-0.146,-0.12770710059172075,-0.126,0.82,0.816,0.787,0.763,0.837,0.794,0.813,0.788,0.761,0.781,0.742,0.781,0.836,0.7882041420118346,0.809
Croatia,5.821,5.531775147928997,5.433,5.596,5.385,6.028,5.885,5.381,5.205,5.417,5.343,5.536,5.626,6.508,5.882,10.162,10.078639053254436,10.104,10.091,10.091,10.072,10.069,10.072,10.104,10.146,10.189,10.224,10.258,10.166,10.217,0.91,0.7853254437869825,0.861,0.796,0.79,0.776,0.751,0.646,0.768,0.798,0.77,0.91,0.936,0.923,0.924,67.12,67.03927514792906,67.64,67.9,68.0,68.1,68.2,68.3,68.4,69.0,69.6,70.2,70.8,71.4,70.799,0.662,0.5381420118343243,0.549,0.564,0.517,0.542,0.627,0.519,0.694,0.672,0.716,0.691,0.739,0.837,0.754,-0.092,-0.18482248520709987,-0.271,-0.237,-0.198,-0.242,-0.204,0.132,-0.096,-0.065,-0.104,-0.151,-0.137,-0.063,-0.118,0.934,0.9424349112426027,0.958,0.973,0.977,0.924,0.936,0.918,0.849,0.884,0.892,0.925,0.932,0.961,0.939
Cyprus,6.315109890109888,6.288692307692308,6.833,6.387,6.69,6.181,5.439,5.627,5.439,5.795,6.062,6.276,6.137,6.26,6.223,10.47618881118881,10.481043033889188,10.558,10.551,10.53,10.479,10.414,10.406,10.445,10.506,10.539,10.567,10.585,10.539293706293707,10.576,0.798725274725275,0.7983461538461541,0.812,0.822,0.844,0.767,0.744,0.77,0.77,0.786,0.819,0.826,0.776,0.806,0.802,71.87795604395603,72.03800000000001,72.16,72.4,72.54,72.68,72.82,72.96,73.1,73.3,73.5,73.7,73.9,74.1,73.898,0.7182087912087916,0.7210000000000001,0.775,0.755,0.745,0.725,0.656,0.715,0.628,0.756,0.812,0.794,0.74,0.763,0.763,0.14359440559440628,0.1317907477138256,0.054,0.073,0.18,0.098,0.102,0.06,0.114,-0.03,0.043,-0.022,-0.008,-0.0098531468531462,-0.015,0.8448351648351649,0.8459230769230772,0.801,0.833,0.841,0.871,0.867,0.868,0.893,0.898,0.851,0.848,0.865,0.816,0.844
Czech Republic,6.5,6.2935506108202475,6.346171029668412,6.25,6.331,6.334,6.698,6.484,6.608,6.736,6.79,7.034,6.872375218150083,6.897,6.965,10.437,10.404134380453751,10.41662652705061,10.419,10.435,10.426,10.42,10.446,10.496,10.518,10.558,10.583,10.541547993019197,10.53,10.556,0.9,0.896640488656196,0.8998368237347298,0.934,0.914,0.912,0.888,0.878,0.911,0.931,0.901,0.929,0.9318001745200704,0.964,0.947,67.44,67.36266492146603,67.63567801047122,68.1,68.24,68.38,68.52,68.66,68.8,69.3,69.8,70.3,70.36580890052358,71.3,70.807,0.799,0.7554581151832469,0.7632722513089014,0.779,0.787,0.74,0.726,0.8,0.808,0.85,0.832,0.79,0.8414136125654448,0.906,0.858,-0.063,-0.07990052356020882,-0.09114659685863913,-0.042,-0.106,-0.154,-0.156,-0.168,-0.146,-0.197,-0.177,-0.292,-0.2036073298429315,-0.127,-0.208,0.928,0.9441544502617791,0.9377460732984293,0.926,0.95,0.957,0.916,0.897,0.886,0.9,0.867,0.851,0.8736623036649203,0.884,0.868
Denmark,7.834,7.971,7.683,7.771,7.788,7.52,7.589,7.508,7.514,7.558,7.594,7.649,7.693,7.515,7.62,10.891,10.88,10.824,10.839,10.848,10.846,10.851,10.862,10.878,10.903,10.916,10.935,10.954,10.91,10.933,0.954,0.954,0.939,0.975,0.962,0.951,0.965,0.956,0.96,0.954,0.952,0.958,0.958,0.947,0.954,69.92,70.08,70.24,70.4,70.62,70.84,71.06,71.28,71.5,71.8,72.1,72.4,72.7,73.0,72.7,0.932,0.97,0.949,0.944,0.935,0.933,0.92,0.942,0.941,0.948,0.955,0.935,0.963,0.938,0.946,0.24,0.272,0.264,0.242,0.298,0.139,0.215,0.118,0.222,0.138,0.155,0.018,0.02,0.052,0.03,0.206,0.248,0.206,0.175,0.22,0.187,0.17,0.237,0.191,0.21,0.181,0.151,0.174,0.214,0.179
Dominican Republic,5.081,4.842,5.432,4.735,5.397,4.753,5.016,5.387,5.062,5.239,5.605,5.433,6.004,5.168,5.545,9.372,9.391,9.388,9.456,9.475,9.489,9.525,9.582,9.637,9.691,9.725,9.782,9.821,9.802,9.802,0.848,0.85,0.878,0.86,0.872,0.879,0.878,0.891,0.893,0.895,0.894,0.862,0.884,0.806,0.853,62.96,63.24,63.52,63.8,64.02,64.24,64.46,64.68,64.9,65.2,65.5,65.8,66.1,66.4,66.102,0.886,0.848,0.863,0.824,0.848,0.84,0.889,0.905,0.856,0.873,0.855,0.867,0.877,0.835,0.86,-0.008,-0.045,-0.053,-0.075,0.014,-0.062,0.021,-0.02,-0.065,-0.08,-0.121,-0.15,-0.123,-0.128,-0.133,0.772,0.728,0.806,0.78,0.788,0.727,0.752,0.76,0.755,0.737,0.76,0.762,0.746,0.636,0.714
Ecuador,4.996,5.297,6.022,5.838,5.795,5.961,6.019,5.946,5.964,6.115,5.84,6.128,5.809,5.354,5.764,9.191,9.236,9.225,9.244,9.304,9.344,9.377,9.399,9.384,9.355,9.36,9.355,9.339,9.244,9.313,0.839,0.829,0.779,0.839,0.818,0.785,0.801,0.831,0.856,0.842,0.849,0.851,0.808,0.804,0.821,66.26,66.44,66.62,66.8,66.96,67.12,67.28,67.44,67.6,67.9,68.2,68.5,68.8,69.1,68.8,0.67,0.64,0.737,0.723,0.788,0.825,0.787,0.719,0.801,0.846,0.879,0.869,0.83,0.829,0.842,-0.063,-0.094,-0.108,-0.063,-0.155,-0.084,-0.191,-0.167,-0.114,-0.015,-0.167,-0.099,-0.115,-0.157,-0.124,0.83,0.801,0.774,0.806,0.702,0.73,0.646,0.661,0.666,0.774,0.734,0.831,0.839,0.855,0.843
Egypt,5.541,4.632,5.066,4.669,4.174,4.204,3.559,4.885,4.763,4.557,3.929,4.005,4.328,4.472,4.283,9.135,9.186,9.213,9.244,9.24,9.24,9.239,9.245,9.266,9.287,9.307,9.338,9.373,9.383,9.367,0.686,0.738,0.744,0.769,0.753,0.737,0.675,0.619,0.73,0.809,0.638,0.759,0.772,0.673,0.75,59.82,59.88,59.94,60.0,60.16,60.32,60.48,60.64,60.8,61.1,61.4,61.7,62.0,62.3,61.998,0.609,0.5115828402366844,0.611,0.486,0.59,0.452,0.474,0.578,0.659,0.656,0.593,0.682,0.774,0.77,0.749,-0.121,-0.087,-0.1,-0.076,-0.151,-0.138,-0.141,-0.126,-0.089,-0.141,-0.152,-0.215,-0.199,-0.112,-0.182,0.872516177577122,0.914,0.801,0.826,0.859,0.88,0.913,0.749,0.684,0.818,0.7901158765989429,0.7818758465011264,0.7736358164033099,0.7653957863054899,0.795
El Salvador,5.296,5.191,6.839,6.74,4.741,5.934,6.325,5.857,6.018,6.14,6.339,6.241,6.455,5.462,6.061,8.887,8.908,8.883,8.9,8.933,8.956,8.974,8.986,9.005,9.025,9.042,9.061,9.08,9.019,9.054,0.717,0.747,0.734,0.757,0.731,0.806,0.827,0.798,0.791,0.794,0.829,0.82,0.764,0.696,0.762,63.24,63.56,63.88,64.2,64.4,64.6,64.8,65.0,65.2,65.5,65.8,66.1,66.4,66.7,66.402,0.639,0.636,0.671,0.669,0.747,0.683,0.716,0.778,0.733,0.8,0.758,0.863,0.877,0.924,0.888,-0.015,-0.078,-0.103,-0.064,-0.126,-0.155,-0.15,-0.194,-0.156,-0.185,-0.172,-0.095,-0.109,-0.126,-0.11,0.785,0.735,0.648,0.694,0.707,0.786,0.772,0.781,0.805,0.797,0.778,0.801,0.682,0.583,0.688
Estonia,5.332,5.452,5.138,5.360929347826101,5.487,5.364,5.367,5.556,5.629,5.65,5.938,6.091,6.035,6.453,6.189,10.347,10.298,10.144,10.277788043478257,10.248,10.282,10.299,10.331,10.348,10.374,10.429,10.472,10.511,10.459,10.481,0.896,0.904,0.874,0.8982119565217399,0.909,0.889,0.901,0.917,0.918,0.938,0.936,0.933,0.934,0.958,0.941,65.32,65.78,66.24,66.51369565217385,66.96,67.22,67.48,67.74,68.0,68.2,68.4,68.6,68.8,69.0,68.8,0.712,0.642,0.611,0.697788043478262,0.735,0.697,0.754,0.773,0.815,0.843,0.862,0.886,0.887,0.954,0.909,-0.246,-0.217,-0.23,-0.20708695652173859,-0.168,-0.192,-0.201,-0.153,-0.164,-0.149,-0.101,-0.141,-0.096,-0.082,-0.106,0.743,0.663,0.793,0.7252445652173876,0.687,0.793,0.726,0.652,0.569,0.639,0.668,0.621,0.576,0.398,0.527
Finland,7.308456590370952,7.671,7.38463259668508,7.393,7.354,7.42,7.445,7.385,7.448,7.66,7.788,7.858,7.78,7.889,7.842,10.739051696921864,10.796,10.742378453038675,10.734,10.754,10.735,10.722,10.714,10.716,10.74,10.768,10.783,10.792,10.75,10.775,0.9361160220994473,0.951,0.9391546961325967,0.935,0.938,0.928,0.941,0.952,0.948,0.954,0.964,0.962,0.937,0.962,0.954,70.07223362273089,70.08,70.39535911602212,70.4,70.64,70.88,71.12,71.36,71.6,71.7,71.8,71.9,72.0,72.1,72.0,0.9168484609313339,0.934,0.9222265193370163,0.916,0.936,0.921,0.919,0.933,0.93,0.948,0.962,0.938,0.948,0.962,0.949,0.11473796369376643,0.028,0.08474585635359233,0.091,0.101,-0.001,0.04,-0.001,0.111,-0.027,-0.002,-0.127,-0.052,-0.116,-0.098,0.35980584056827425,0.217,0.33288397790055413,0.413,0.32,0.361,0.306,0.265,0.223,0.25,0.192,0.199,0.195,0.164,0.186
France,6.699340659340658,7.008,6.283,6.798,6.959,6.649,6.667,6.467,6.358,6.475,6.635,6.666,6.69,6.714,6.69,10.650923076923076,10.674,10.639,10.654,10.671,10.669,10.669,10.674,10.682,10.69,10.711,10.727,10.74,10.643,10.704,0.915208791208791,0.935,0.918,0.943,0.921,0.937,0.908,0.878,0.896,0.885,0.931,0.921,0.958,0.947,0.942,71.6736263736264,71.84,72.02,72.2,72.4,72.6,72.8,73.0,73.2,73.4,73.6,73.8,74.0,74.2,74.0,0.8469780219780221,0.833,0.798,0.85,0.903,0.841,0.878,0.803,0.817,0.787,0.834,0.816,0.827,0.823,0.822,-0.07231868131868069,-0.031,-0.082,-0.104,-0.102,-0.149,-0.125,-0.118,-0.139,-0.091,-0.123,-0.138,-0.133,-0.169,-0.147,0.6755714285714287,0.669,0.654,0.623,0.627,0.608,0.699,0.656,0.641,0.623,0.601,0.582,0.568,0.565,0.571
Georgia,3.707,4.156,3.801,4.102,4.203,4.254,4.349,4.288,4.122,4.448,4.451,4.659,4.892,5.123,4.891,9.117,9.144,9.116,9.184,9.263,9.332,9.371,9.414,9.442,9.47,9.517,9.565,9.617,9.569,9.585,0.548,0.608,0.544,0.54,0.503,0.533,0.559,0.558,0.517,0.533,0.59,0.617,0.675,0.718,0.671,65.04,64.96,64.88,64.8,64.86,64.92,64.98,65.04,65.1,64.9,64.7,64.5,64.3,64.1,64.3,0.464,0.614,0.495,0.558,0.632,0.659,0.722,0.72,0.64,0.606,0.821,0.775,0.811,0.764,0.783,-0.267,-0.224,-0.233,-0.248,-0.255,-0.269,-0.254,-0.233,-0.205,-0.249,-0.244,-0.233,-0.26,-0.221,-0.238,0.697,0.498,0.535,0.46,0.353,0.321,0.349,0.416,0.502,0.561,0.59,0.755,0.647,0.583,0.655
Germany,6.417,6.522,6.641,6.725,6.621,6.702,6.965,6.984,7.037,6.874,7.074,7.118,7.035,7.312,7.155,10.759,10.77,10.714,10.756,10.813,10.816,10.817,10.835,10.844,10.858,10.878,10.89,10.893,10.833,10.873,0.926,0.923,0.935,0.939,0.947,0.926,0.931,0.938,0.926,0.906,0.892,0.92,0.886,0.905,0.903,70.48,70.62,70.76,70.9,70.98,71.06,71.14,71.22,71.3,71.6,71.9,72.2,72.5,72.8,72.5,0.801,0.766,0.844,0.843,0.906,0.904,0.894,0.899,0.889,0.871,0.841,0.877,0.885,0.864,0.875,0.167,0.1299467455621297,0.127,0.095,0.033,0.071,0.024,0.088,0.178,0.148,0.145,0.034,0.057,-0.06,0.011,0.792,0.758,0.69,0.688,0.677,0.679,0.566,0.474,0.412,0.446,0.414,0.496,0.462,0.424,0.46
Ghana,5.22,4.965,4.198,4.606,5.608,5.057,4.965,3.86,3.986,4.514,5.481,5.004,4.967,5.319,5.088,8.09,8.152,8.174,8.225,8.332,8.397,8.445,8.45,8.449,8.46,8.517,8.555,8.596,8.59,8.58,0.73,0.622,0.633,0.739,0.724,0.685,0.676,0.651,0.687,0.647,0.669,0.761,0.746,0.643,0.727,52.78,53.22,53.66,54.1,54.48,54.86,55.24,55.62,56.0,56.4,56.8,57.2,57.6,58.0,57.586,0.891,0.838,0.757,0.891,0.852,0.679,0.794,0.677,0.852,0.751,0.783,0.817,0.787,0.824,0.807,0.138,0.12,0.005,0.074,0.011,0.04,-0.065,0.001,-0.038,0.09,0.079,0.062,0.116,0.2,0.123,0.771,0.863,0.89,0.875,0.79,0.898,0.88,0.913,0.945,0.894,0.839,0.846,0.857,0.847,0.848
Greece,6.647,5.700988165680464,6.039,5.84,5.372,5.096,4.72,4.756,5.623,5.303,5.148,5.409,5.952,5.788,5.723,10.543,10.428304733727813,10.491,10.433,10.339,10.268,10.243,10.257,10.259,10.261,10.278,10.299,10.319,10.215,10.279,0.808,0.8106094674556212,0.793,0.868,0.852,0.812,0.687,0.832,0.835,0.803,0.753,0.794,0.891,0.779,0.823,70.9,71.10414201183437,71.3,71.5,71.56,71.62,71.68,71.74,71.8,72.0,72.2,72.4,72.6,72.8,72.6,0.575,0.45351479289940855,0.443,0.484,0.528,0.373,0.426,0.369,0.532,0.482,0.438,0.564,0.614,0.565,0.582,-0.19,-0.27138461538461556,-0.293,-0.303,-0.316,-0.305,-0.272,-0.288,-0.272,-0.26,-0.29,-0.335,-0.289,-0.241,-0.288,0.845,0.9474171597633152,0.959,0.954,0.941,0.959,0.941,0.93,0.824,0.898,0.872,0.86,0.848,0.764,0.823
Guatemala,6.33,6.414,6.452,6.29,5.743,5.856,5.985,6.536,6.465,6.359,6.325,6.627,6.262,6.387991124260356,6.435,8.891,8.904,8.891,8.901,8.923,8.935,8.953,8.98,9.003,9.013,9.026,9.042,9.064,9.062420118343194,9.053,0.866,0.866,0.834,0.859,0.768,0.802,0.83,0.834,0.823,0.811,0.826,0.841,0.774,0.8033431952662724,0.813,61.08,61.42,61.76,62.1,62.46,62.82,63.18,63.54,63.9,64.2,64.5,64.8,65.1,65.2794023668639,64.958,0.628,0.63,0.643,0.696,0.763,0.865,0.884,0.843,0.869,0.863,0.915,0.91,0.901,0.9573639053254439,0.906,0.136,0.206,0.197,0.166,0.009,0.02,0.045,0.108,0.051,0.011,-0.059,-0.01,-0.062,-0.059707100591708695,-0.038,0.81,0.796,0.755,0.795,0.863,0.821,0.817,0.804,0.822,0.812,0.8,0.765,0.773,0.7886005917159764,0.775
Haiti,4.360100376411523,3.846,4.242046424090319,3.766,4.845,4.413,4.622,3.889,3.57,3.352,3.824,3.615,3.651776662484295,3.5927496863236996,3.615,7.403966122961106,7.417,7.417821831869513,7.384,7.423,7.437,7.464,7.477,7.476,7.477,7.475,7.477,7.487100376411546,7.494028230865749,7.477,0.6576813048933499,0.679,0.6420276035131742,0.554,0.567,0.749,0.648,0.554,0.564,0.584,0.647,0.538,0.5637590966122961,0.5559322459222074,0.54,33.69698870765387,40.38,37.64860727729001,32.3,36.86,41.42,45.98,50.54,55.1,55.3,55.5,55.7,57.40670012547071,59.38250941028855,55.7,0.40606022584692525,0.465,0.4254278544542025,0.373,0.413,0.482,0.61,0.509,0.398,0.304,0.484,0.591,0.5222659974905888,0.5319498117942274,0.593,0.1951656210790489,0.261,0.22742659974906587,0.216,0.243,0.289,0.289,0.285,0.306,0.291,0.381,0.422,0.38873149309912947,0.4048619824341344,0.422,0.7806148055207025,0.812,0.7691593475533249,0.848,0.682,0.717,0.669,0.708,0.777,0.839,0.647,0.72,0.7118820577164353,0.7061543287327474,0.721
Honduras,5.097,5.42,6.033,5.866,4.961,4.602,4.713,5.056,4.845,5.648,6.02,5.908,5.93,5.71921893491124,5.919,8.5,8.52,8.474,8.49,8.508,8.53,8.54,8.552,8.572,8.593,8.624,8.643,8.653,8.648156804733723,8.648,0.819,0.828,0.824,0.803,0.766,0.779,0.792,0.79,0.772,0.774,0.843,0.827,0.797,0.8006893491124261,0.812,64.78,65.02,65.26,65.5,65.72,65.94,66.16,66.38,66.6,66.8,67.0,67.2,67.4,67.50550295857983,67.3,0.676,0.687,0.661,0.646,0.783,0.7,0.698,0.696,0.534,0.85,0.898,0.872,0.846,0.8473579881656761,0.857,0.23,0.223,0.119,0.105,0.095,-0.003,-0.027,0.015,-0.097,0.08,0.072,0.099,0.063,0.016621301775149533,0.081,0.826,0.863,0.857,0.82,0.884,0.871,0.868,0.834,0.848,0.793,0.783,0.804,0.815,0.8060650887573946,0.809
Hong Kong S.A.R. of China,5.396527849185946,5.137,5.397,5.643,5.474,5.484,5.435692373607542,5.458,5.448747215081405,5.498,5.362,5.468329477292202,5.659,5.295,5.477,10.79953038046564,10.816,10.788,10.847,10.887,10.893,10.902130039750134,10.94,10.936329926178303,10.97,11.0,10.98762975582055,11.0,11.021829642248719,11.0,0.8429665809768638,0.84,0.835,0.857,0.846,0.826,0.8379691516709511,0.834,0.8363033419023136,0.832,0.831,0.8338046272493573,0.856,0.813,0.836,76.82,76.82,76.82,76.82,76.82,76.82,76.82,76.82,76.82,76.82,76.82,76.82,76.82,76.82,76.82,0.9543607540702652,0.922,0.918,0.89,0.894,0.88,0.8515381319623003,0.843,0.8172639245929716,0.8,0.831,0.7658526135389891,0.727,0.705,0.717,0.3426002271436701,0.296,0.308,0.332,0.235,0.222,0.21409256104486474,0.224,0.1712566723452582,0.1,0.14,0.10700283929585197,0.067,0.06416695059625255,0.067,0.25942416452442174,0.274,0.272,0.256,0.245,0.38,0.3366992287917725,0.423,0.3624575835475561,0.403,0.416,0.40109511568123324,0.432,0.38,0.403
Hungary,4.954,4.642715976331374,4.895,4.725,4.918,4.683,4.914,5.181,5.344,5.449,6.065,5.936,6.0,6.038,5.992,10.153,10.07927810650888,10.097,10.106,10.127,10.117,10.14,10.183,10.223,10.248,10.293,10.344,10.393,10.335,10.358,0.931,0.8871035502958584,0.901,0.896,0.894,0.906,0.877,0.845,0.859,0.9,0.877,0.941,0.947,0.943,0.943,65.0,65.02366863905331,65.4,65.6,65.76,65.92,66.08,66.24,66.4,66.8,67.2,67.6,68.0,68.4,68.0,0.538,0.4928905325443793,0.464,0.514,0.631,0.569,0.674,0.494,0.558,0.554,0.661,0.693,0.798,0.771,0.755,-0.161,-0.12860946745562174,-0.125,-0.145,-0.089,-0.136,-0.113,-0.15,-0.198,-0.187,-0.139,-0.243,-0.195,-0.12,-0.186,0.895,0.93485798816568,0.915,0.983,0.94,0.93,0.912,0.855,0.908,0.924,0.886,0.911,0.884,0.836,0.876
India,5.027,5.146,4.522,4.989,4.635,4.72,4.428,4.424,4.342,4.179,4.046,3.818,3.249,4.225,3.819,8.204,8.22,8.281,8.349,8.387,8.428,8.478,8.538,8.604,8.673,8.73,8.779,8.818,8.703,8.755,0.569,0.684,0.653,0.605,0.553,0.511,0.553,0.621,0.61,0.614,0.607,0.638,0.561,0.617,0.603,56.14,56.56,56.98,57.4,57.7,58.0,58.3,58.6,58.9,59.3,59.7,60.1,60.5,60.9,60.633,0.729,0.756,0.679,0.783,0.838,0.609,0.74,0.809,0.777,0.82,0.886,0.89,0.876,0.906,0.893,-0.051,-0.072,-0.026,0.058,-0.038,0.067,0.084,-0.026,-0.005,0.046,-0.042,0.085,0.112,0.075,0.089,0.862,0.891,0.895,0.863,0.908,0.83,0.832,0.832,0.776,0.765,0.781,0.805,0.752,0.78,0.774
Indonesia,5.101,4.815,5.472,5.457,5.173,5.368,5.292,5.597,5.043,5.136,5.098,5.34,5.347,5.317855029585797,5.345,8.898,8.943,8.975,9.022,9.069,9.114,9.155,9.19,9.225,9.262,9.3,9.339,9.377,9.39669822485206,9.365,0.704,0.675,0.779,0.816,0.825,0.834,0.794,0.905,0.809,0.792,0.796,0.809,0.802,0.8340177514792888,0.811,59.98,60.12,60.26,60.4,60.62,60.84,61.06,61.28,61.5,61.7,61.9,62.1,62.3,62.36371597633138,62.236,0.603,0.596,0.784,0.7,0.878,0.77,0.781,0.719,0.779,0.83,0.865,0.879,0.866,0.892056213017753,0.873,0.311,0.164,0.191,0.448,0.438,0.354,0.376,0.408,0.471,0.5,0.488,0.512,0.555,0.5634260355029568,0.542,0.96,0.968,0.911,0.954,0.962,0.962,0.973,0.97,0.946,0.89,0.9,0.868,0.861,0.8789526627218951,0.867
Iran,5.336,5.129,5.0048526107072036,4.972297422339722,4.768,4.609,5.14,4.682,4.75,4.653,4.717,4.278,5.006,4.865,4.721,9.497,9.489,9.479611111111112,9.486244949494951,9.547,9.458,9.443,9.476,9.449,9.561,9.584,9.539315656565657,9.545949494949495,9.552583333333335,9.584,0.718,0.633,0.6268830138797092,0.6320522141440836,0.582,0.6,0.664,0.644,0.572,0.566,0.714,0.674,0.698,0.757,0.71,62.76,63.14,63.48163912756115,63.75243225380041,64.14,64.38,64.62,64.86,65.1,65.4,65.7,66.0,66.3,66.6,66.3,0.533,0.601,0.6917257105089227,0.6906252478519499,0.798,0.764,0.73,0.767,0.78,0.773,0.731,0.603,0.623,0.6,0.608,0.056,0.052,0.1181834992887616,0.13036273115220354,0.2,0.15472119487908742,0.216,0.241,0.176,0.186,0.218,0.22779658605974262,0.23997581792318456,0.2521550497866265,0.218,0.872,0.868,0.7680079312623889,0.7599795109054845,0.665,0.678,0.685,0.64,0.699,0.713,0.715,0.703,0.728,0.71,0.714
Iraq,4.70216679132386,4.59,4.775,5.065,4.725,4.66,4.725,4.542,4.493,4.413,4.462,4.886,4.682403141361258,4.785,4.854,9.115547494390427,9.063,9.076,9.112,9.152,9.246,9.28,9.25,9.241,9.354,9.303,9.274,9.277596858638745,9.167,9.24,0.7953305908750927,0.744,0.862,0.854,0.751,0.73,0.728,0.725,0.684,0.719,0.695,0.764,0.7141308900523562,0.708,0.746,58.29801308900528,58.32,58.96,59.6,59.36,59.12,58.88,58.64,58.4,59.0,59.6,60.2,60.128829842931964,61.4,60.583,0.33846470828233777,0.386,0.431,0.419,0.347,0.315,0.49732150142799014,0.646,0.599,0.666,0.628,0.598,0.6561782945736425,0.7,0.63,-0.10313051608077828,-0.061,-0.199,-0.125,-0.07,-0.02,-0.05,-0.001,0.019,-0.052,0.0,-0.068,-0.020589005235601476,-0.021,-0.053,0.8127778608825731,0.91,0.854,0.859,0.78,0.789,0.71,0.726,0.762,0.799,0.757,0.887,0.8116020942408378,0.849,0.875
Ireland,7.1558571428571405,7.568,7.046,7.257,7.007,6.965,6.76,7.018,6.83,7.041,7.06,6.962,7.255,7.035,7.085,10.743285714285719,10.929,10.866,10.879,10.878,10.876,10.884,10.959,11.174,11.199,11.266,11.332,11.371,11.323,11.342,0.976571428571428,0.983,0.959,0.973,0.977,0.962,0.955,0.968,0.953,0.958,0.943,0.938,0.944,0.96,0.947,71.03076923076921,70.82,71.16,71.5,71.6,71.7,71.8,71.9,72.0,72.1,72.2,72.3,72.4,72.5,72.4,0.8884725274725275,0.894,0.835,0.856,0.952,0.902,0.884,0.922,0.892,0.875,0.905,0.861,0.892,0.882,0.879,0.4190219780219735,0.322,0.315,0.348,0.383,0.302,0.331,0.264,0.233,0.174,0.216,0.144,0.074,0.014,0.077,0.6150329670329668,0.487,0.58,0.618,0.59,0.573,0.558,0.406,0.409,0.399,0.337,0.362,0.373,0.356,0.363
Israel,6.841,7.261,7.353,7.359,7.433,7.111,7.321,7.401,7.079,7.159,7.331,6.927,7.332,7.195,7.157,10.428,10.44,10.425,10.461,10.489,10.493,10.515,10.533,10.536,10.555,10.57,10.585,10.601,10.538,10.575,0.868,0.859,0.937,0.882,0.893,0.903,0.909,0.889,0.864,0.89,0.916,0.91,0.946,0.959,0.939,71.44,71.76,72.08,72.4,72.46,72.52,72.58,72.64,72.7,72.9,73.1,73.3,73.5,73.7,73.503,0.683,0.663,0.593,0.561,0.722,0.681,0.739,0.707,0.753,0.772,0.768,0.725,0.834,0.831,0.8,0.219,0.139,0.172,0.15,0.141,0.153,0.15,0.094,0.108,0.153,0.145,0.055,0.085,-0.049,0.031,0.868,0.898,0.923,0.902,0.891,0.862,0.849,0.818,0.789,0.804,0.793,0.77,0.743,0.748,0.753
Italy,6.574,6.78,6.334,6.354,6.057,5.839,6.009,6.027,5.848,5.955,6.199,6.517,6.445,6.488,6.483,10.727,10.711,10.652,10.666,10.671,10.638,10.608,10.599,10.608,10.622,10.64,10.65,10.655,10.563,10.623,0.912,0.88,0.88,0.872,0.913,0.869,0.916,0.898,0.909,0.927,0.92,0.913,0.838,0.89,0.88,72.26,72.44,72.62,72.8,72.84,72.88,72.92,72.96,73.0,73.2,73.4,73.6,73.8,74.0,73.8,0.684,0.543,0.701,0.738,0.568,0.57,0.499,0.624,0.575,0.624,0.633,0.65,0.709,0.718,0.693,0.113,0.049,0.24,-0.06,-0.018,0.113,-0.102,-0.065,-0.064,-0.081,-0.035,-0.021,-0.082,-0.15,-0.084,0.922,0.946,0.89,0.921,0.933,0.908,0.943,0.92,0.913,0.903,0.867,0.888,0.866,0.844,0.866
Japan,6.238,5.911,5.845,6.057,6.263,5.968,5.959,5.923,5.88,5.955,5.911,5.794,5.908,6.118,5.94,10.558,10.546,10.491,10.532,10.532,10.549,10.57,10.575,10.588,10.595,10.618,10.623,10.632,10.58,10.611,0.938,0.887,0.888,0.902,0.917,0.905,0.924,0.9,0.923,0.9,0.882,0.886,0.878,0.887,0.884,73.44,73.56,73.68,73.8,73.98,74.16,74.34,74.52,74.7,74.8,74.9,75.0,75.1,75.2,75.1,0.796,0.772,0.73,0.772,0.814,0.753,0.821,0.838,0.832,0.836,0.849,0.773,0.806,0.806,0.796,-0.09,-0.135,-0.21,-0.14,-0.052,-0.14679533678756584,-0.147,-0.139,-0.155,-0.062,-0.206,-0.261,-0.255,-0.259,-0.258,0.809,0.816,0.74,0.77,0.734,0.692,0.65,0.617,0.654,0.698,0.659,0.687,0.617,0.609,0.638
Jordan,5.598,4.93,6.0,5.57,5.539,5.132,5.172,5.333,5.405,5.271,4.808,4.639,4.453,4.094,4.395,9.321,9.343,9.347,9.317,9.289,9.261,9.237,9.222,9.207,9.197,9.194,9.196,9.201,9.15,9.182,0.841,0.766,0.899,0.918,0.878,0.829,0.84,0.816,0.83,0.82,0.815,0.8,0.793,0.709,0.767,63.98,64.22,64.46,64.7,65.0,65.3,65.6,65.9,66.2,66.4,66.6,66.8,67.0,67.2,67.0,0.646,0.7193106508875742,0.771,0.788,0.76,0.693,0.692,0.729,0.767,0.771,0.766,0.762,0.726,0.779,0.755,-0.112,-0.127,-0.075,-0.046,-0.143,-0.16,-0.117,-0.104,-0.046,-0.038,-0.152,-0.186,-0.165,-0.15,-0.167,0.664,0.709,0.739,0.7034271844660194,0.7040854368932039,0.7047436893203884,0.7054019417475728,0.7060601941747573,0.7067184466019418,0.7073766990291261,0.7080349514563107,0.7086932038834952,0.7093514563106795,0.7100097087378641,0.705
Kazakhstan,5.719,5.886,5.383,5.514,5.736,5.759,5.835,5.97,5.95,5.534,5.882,6.008,6.272,6.168,6.152,9.878,9.898,9.884,9.94,9.997,10.03,10.074,10.101,10.098,10.095,10.121,10.148,10.179,10.135,10.155,0.861,0.839,0.893,0.904,0.905,0.892,0.889,0.795,0.931,0.928,0.914,0.937,0.951,0.966,0.952,58.7,59.2,59.7,60.2,60.72,61.24,61.76,62.28,62.8,63.4,64.0,64.6,65.2,65.8,65.2,0.806,0.727,0.856,0.785,0.878,0.84,0.782,0.799,0.74,0.783,0.745,0.84,0.852,0.872,0.853,-0.246,-0.221,-0.249,-0.215,-0.235,-0.171,-0.229,0.004,-0.037,-0.036,-0.035,-0.098,-0.055,-0.056,-0.069,0.865,0.899,0.845,0.823,0.802,0.877,0.82,0.805,0.714,0.702,0.755,0.824,0.708,0.661,0.733
Kenya,4.576,4.015,4.27,4.256,4.405,4.547,3.795,4.905,4.358,4.396,4.476,4.656,4.619,4.547,4.607,8.078,8.052,8.057,8.111,8.143,8.161,8.192,8.219,8.249,8.282,8.306,8.344,8.373,8.365,8.361,0.841,0.827,0.789,0.805,0.846,0.831,0.825,0.765,0.777,0.706,0.715,0.707,0.676,0.674,0.688,51.54,52.86,54.18,55.5,56.06,56.62,57.18,57.74,58.3,58.9,59.5,60.1,60.7,61.3,60.704,0.75,0.62,0.584,0.635,0.709,0.628,0.708,0.819,0.793,0.749,0.853,0.821,0.818,0.702,0.779,0.054,-0.012,0.1,0.019,0.022,0.066,0.212,0.172,0.221,0.298,0.234,0.291,0.31,0.26,0.287,0.799,0.909,0.913,0.918,0.923,0.911,0.861,0.849,0.853,0.828,0.854,0.844,0.794,0.837,0.825
Kosovo,5.104,5.522,5.891,5.177,4.86,5.64,6.126,5.0,5.077,5.759,6.149,6.392,6.425,6.294,6.372,8.928,8.981,9.008,9.033,9.067,9.086,9.113,9.129,9.182,9.228,9.262,9.296,9.339,9.335979289940816,9.318,0.848,0.884,0.83,0.708,0.759,0.757,0.721,0.706,0.805,0.824,0.792,0.822,0.843,0.792,0.821,63.813,63.813,63.813,63.813,63.813,63.813,63.813,63.813,63.813,63.813,63.813,63.813,63.813,63.813,63.813,0.381,0.415866863905336,0.506,0.451,0.589,0.636,0.568,0.441,0.561,0.827,0.858,0.89,0.841,0.88,0.869,0.144,0.09,0.201,0.17,0.004,0.027,0.115,0.012,0.181,0.125,0.117,0.269,0.247,0.2016390532544392,0.257,0.894,0.849,0.968,0.967,0.919,0.95,0.935,0.775,0.851,0.941,0.925,0.922,0.92,0.91,0.917
Kuwait,6.655398976982099,6.603294117647053,6.585,6.798,6.378,6.221,6.48,6.18,6.146,5.947,6.094,6.082245524296681,6.106,5.978035805626604,6.106,11.096245524296677,11.074411764705886,11.065,10.982,11.017,11.025,10.985,10.945,10.912,10.91,10.837,10.85607416879796,10.817,10.81240664961637,10.817,0.912158339197747,0.9058078817733985,0.926,0.893,0.882,0.889,0.862,0.8677051372273041,0.823,0.845,0.853,0.8423033075299085,0.842,0.8296023926812097,0.843,64.07350383631712,64.30264705882354,64.44,64.6,64.9,65.2,65.5,65.8,66.1,66.3,66.5,66.59407928388748,66.9,67.05236572890027,66.9,0.7614897959183686,0.7702857142857162,0.819,0.703,0.769,0.934,0.751,0.8230612244897948,0.822,0.841,0.884,0.8582448979591852,0.867,0.8758367346938769,0.867,0.03391240875912516,0.025854014598539976,0.007,-0.031,0.0016788321167879872,-0.006379562043797193,-0.014437956204378821,-0.022496350364964002,0.082,-0.075,-0.005,-0.05472992700729762,-0.104,-0.07084671532846798,-0.104,0.5383530997304575,0.5515525606469005,0.675,0.486,0.56,0.6043504043126653,0.6175498652291083,0.6307493261455512,0.6439487870619942,0.6571482479784336,0.6703477088948766,0.6835471698113196,0.6967466307277626,0.709946091644202,0.736
Kyrgyzstan,4.698,4.737,5.069,4.996,4.921,5.208,5.402,5.252,4.905,4.857,5.63,5.297,5.685,6.25,5.744,8.258,8.329,8.345,8.329,8.374,8.357,8.441,8.46,8.477,8.5,8.526,8.543,8.567,8.503,8.538,0.833,0.792,0.855,0.885,0.891,0.856,0.851,0.898,0.857,0.914,0.883,0.898,0.877,0.902,0.893,60.26,60.54,60.82,61.1,61.52,61.94,62.36,62.78,63.2,63.5,63.8,64.1,64.4,64.7,64.401,0.684,0.719,0.699,0.72,0.748,0.703,0.755,0.736,0.813,0.814,0.859,0.945,0.92,0.935,0.935,-0.091,-0.1,-0.14,-0.072,-0.155,-0.079,-0.085,0.355,0.2,0.056,0.143,0.267,-0.002,0.103,0.119,0.929,0.923,0.896,0.926,0.932,0.892,0.9,0.897,0.858,0.917,0.874,0.907,0.885,0.931,0.908
Latvia,4.667,5.145,4.669,5.039760869565242,4.967,5.125,5.07,5.729,5.881,5.94,5.978,5.901,5.97,6.229,6.032,10.136,10.112,9.975,10.085842391304347,10.029,10.082,10.116,10.144,10.185,10.211,10.257,10.307,10.336,10.3,10.315,0.836,0.855,0.807,0.8421304347826073,0.836,0.851,0.834,0.881,0.879,0.917,0.895,0.913,0.936,0.928,0.927,63.52,63.88,64.24,64.50608695652181,64.86,65.12,65.38,65.64,65.9,66.2,66.5,66.8,67.1,67.4,67.1,0.7,0.63,0.437,0.5985597826086959,0.564,0.564,0.631,0.671,0.656,0.685,0.7,0.608,0.698,0.82,0.715,-0.167,-0.203,-0.18,-0.11879891304347856,-0.002,-0.038,-0.073,-0.043,-0.077,-0.156,-0.154,-0.212,-0.194,-0.078,-0.162,0.924,0.926,0.942,0.9019130434782632,0.934,0.895,0.837,0.804,0.808,0.868,0.798,0.799,0.789,0.809,0.8
Lebanon,5.093414364640886,4.595,5.206,5.032,5.188,4.573,4.983,5.233,5.172,5.271,5.154,5.167,4.024,4.806229281767955,4.584,9.866219415943178,9.743,9.83,9.878,9.838,9.8,9.772,9.739,9.699,9.687,9.681,9.656,9.597,9.62390331491713,9.626,0.6823401736385151,0.717,0.736,0.721,0.733,0.713,0.708,0.759,0.742,0.828,0.777,0.829,0.866,0.8387044198895026,0.848,64.42821231254936,64.96,65.08,65.2,65.28,65.36,65.44,65.52,65.6,66.1,66.6,67.1,67.6,67.20176795580113,67.355,0.665118389897394,0.524,0.665,0.678,0.657,0.621,0.655,0.657,0.597,0.657,0.605,0.607,0.447,0.5589226519336989,0.525,0.07503472770323683,0.035,0.071,0.073,0.006,-0.006,-0.004,-0.012,0.073,0.031,-0.074,-0.066,-0.081,-0.06661602209944562,-0.073,0.9294159431728497,0.927,0.937,0.949,0.911,0.856,0.921,0.939,0.889,0.853,0.911,0.907,0.89,0.8878149171270726,0.898
Lithuania,5.808,5.554,5.467,5.066,5.432,5.771,5.596,6.126,5.711,5.866,6.273,6.309,6.064,6.391,6.255,10.163,10.199,10.05,10.085,10.167,10.218,10.263,10.306,10.335,10.373,10.429,10.474,10.518,10.504,10.499,0.941,0.914,0.933,0.882,0.911,0.919,0.913,0.908,0.929,0.938,0.926,0.929,0.918,0.953,0.935,63.48,63.82,64.16,64.5,64.7,64.9,65.1,65.3,65.5,66.1,66.7,67.3,67.9,68.5,67.906,0.59,0.621,0.496,0.519,0.566,0.503,0.556,0.508,0.641,0.614,0.749,0.699,0.78,0.824,0.773,-0.282,-0.259,-0.303,-0.275,-0.148,-0.273,-0.237,-0.263,-0.254,-0.266,-0.174,-0.237,-0.251,-0.122,-0.203,0.966,0.961,0.979,0.962,0.964,0.957,0.936,0.956,0.924,0.949,0.79,0.852,0.783,0.829,0.826
Luxembourg,6.872132867132869,6.898258203335125,6.958,7.097,7.101,6.964,7.131,6.891,6.702,6.967,7.061,7.243,7.404,7.211762237762237,7.324,11.55176923076923,11.55950295857988,11.562,11.592,11.595,11.567,11.58,11.598,11.617,11.64,11.634,11.645,11.648,11.65230769230769,11.647,0.9405104895104897,0.9377288864981175,0.939,0.952,0.934,0.914,0.917,0.875,0.934,0.941,0.905,0.902,0.912,0.9043496503496504,0.908,71.53174825174828,71.63019903173752,71.44,71.7,71.88,72.06,72.24,72.42,72.6,72.6,72.6,72.6,72.6,72.81160839160843,72.6,0.9199370629370631,0.9183189887036041,0.939,0.908,0.962,0.917,0.79,0.938,0.932,0.882,0.903,0.884,0.93,0.8989020979020981,0.907,0.13548251748251516,0.12260570199031662,0.127,0.096,0.106,0.059,-0.054,0.106,0.052,0.019,0.044,-0.022,-0.045,-0.031916083916087246,-0.034,0.4023636363636367,0.3991398601398606,0.432,0.423,0.388,0.403,0.301,0.366,0.375,0.356,0.33,0.385,0.39,0.36045454545454536,0.386
Madagascar,4.073888331242159,4.64,4.0555947302383935,4.046447929736512,4.381,3.551,3.816,3.676,3.593,3.663,4.079,4.071,4.339,3.9549799247176907,4.208,7.358050188205773,7.439,7.360474278544543,7.361686323713928,7.336,7.339,7.334,7.34,7.344,7.356,7.368,7.386,7.406,7.37380677540778,7.396,0.7576380175658723,0.776,0.7423042659974914,0.734637390213301,0.818,0.673,0.673,0.655,0.647,0.746,0.626,0.666,0.701,0.6579686323713929,0.686,54.80614491844415,54.92,55.54769447929732,55.91846925972402,56.22,56.64,57.06,57.48,57.9,58.3,58.7,59.1,59.5,59.62621706399,59.305,0.41359159347553387,0.332,0.44031555834379077,0.45367754077791744,0.546,0.487,0.48,0.529,0.545,0.57,0.57,0.551,0.55,0.5872973651191984,0.552,-0.08822835633626092,-0.099,-0.07545796737766608,-0.06907277289836955,-0.062,-0.055,-0.019,-0.023,-0.041,-0.069,-0.033,0.003,-0.012,-0.00522082810539537,-0.005,0.8514642409033879,0.773,0.8468870765370138,0.8445984943538267,0.897,0.854,0.868,0.791,0.861,0.864,0.847,0.889,0.72,0.8217126725219579,0.803
Malawi,4.891,4.752877622377611,5.148,4.526363636363641,3.946,4.279,4.035,4.563,3.868,3.476,3.417,3.335,3.869,3.3937937062937067,3.6,6.742,6.821185314685319,6.838,6.84836363636364,6.895,6.885,6.907,6.935,6.935,6.932,6.945,6.949,6.966,6.984255244755246,6.958,0.6,0.6276241258741244,0.718,0.608295454545452,0.613,0.604,0.563,0.512,0.494,0.524,0.555,0.528,0.549,0.5116520979020969,0.537,46.26,48.543370629370656,49.02,50.30672727272736,51.42,52.44,53.46,54.48,55.5,56.2,56.9,57.6,58.3,59.123510489510636,57.948,0.91,0.8152727272727267,0.879,0.8078181818181811,0.733,0.637,0.752,0.786,0.801,0.81,0.848,0.799,0.765,0.770545454545454,0.78,0.202,0.1709125874125874,0.176,0.14454545454545453,0.099,0.169,0.078,0.061,0.058,0.066,0.025,0.073,0.004,0.012709790209790128,0.038,0.691,0.7919772727272729,0.689,0.7884318181818184,0.853,0.886,0.857,0.824,0.835,0.824,0.735,0.766,0.68,0.7707045454545454,0.729
Malaysia,6.239,5.807,5.385,5.58,5.786,5.914,5.77,5.963,6.322,5.650188985288565,5.61833949453036,5.339,5.428,5.5227910222557455,5.384,9.881,9.909,9.875,9.93,9.966,10.005,10.037,10.082,10.118,10.132090909090905,10.162636363636366,10.223,10.252,10.254272727272728,10.238,0.871,0.803,0.792,0.839,0.77,0.841,0.831,0.863,0.818,0.8217061486231609,0.8212625424368162,0.789,0.842,0.8199317238777818,0.817,65.12,65.28,65.44,65.6,65.76,65.92,66.08,66.24,66.4,66.55515503583553,66.7128653338363,67.0,67.2,67.18599622783853,67.102,0.844,0.78,0.874,0.769,0.84,0.848,0.791,0.808,0.675,0.8403470388532632,0.8451803093172394,0.875,0.916,0.8596801207091662,0.895,0.089,0.044,-0.009,0.032,-0.016,0.017,0.264,0.239,0.222,0.13316522067144732,0.14290758204451137,0.127,0.123,0.1721346661637142,0.125,0.799,0.884,0.858,0.844,0.842,0.847,0.755,0.845,0.838,0.8336084496416447,0.832931346661637,0.894,0.782,0.8309000377216145,0.839
Mali,3.8583409629045065,4.115,3.977,3.762,4.667,4.313,3.676,3.975,4.582,4.016,4.742,4.416,4.988,4.6769972375690685,4.723,7.579981846882401,7.607,7.622,7.642,7.643,7.605,7.599,7.638,7.669,7.695,7.718,7.733,7.752,7.739265193370166,7.744,0.7923954222573011,0.747,0.733,0.751,0.796,0.823,0.82,0.843,0.83,0.836,0.741,0.692,0.755,0.7627016574585639,0.724,47.07383662194161,47.16,47.78,48.4,48.76,49.12,49.48,49.84,50.2,50.7,51.2,51.7,52.2,52.23838674033152,51.969,0.6454183109707969,0.495,0.634,0.749,0.823,0.704,0.665,0.652,0.634,0.696,0.753,0.737,0.67,0.7186933701657452,0.697,-0.038393054459352705,-0.012,0.008,-0.028,-0.101,-0.088,-0.053,-0.037,-0.068,-0.07,-0.069,-0.034,-0.038,-0.05632320441988936,-0.036,0.7997355958958168,0.918,0.819,0.811,0.726,0.787,0.755,0.658,0.8,0.862,0.863,0.793,0.846,0.8094060773480662,0.827
Malta,5.995230769230773,6.047115384615381,6.328,5.774,6.155,5.963,6.38,6.452,6.613,6.591,6.676,6.91,6.733,6.157,6.602,10.248804195804212,10.283906939214646,10.331,10.361,10.37,10.389,10.422,10.486,10.566,10.599,10.635,10.67,10.677,10.705139860139866,10.674,0.9170000000000003,0.9183461538461541,0.916,0.908,0.923,0.922,0.942,0.941,0.919,0.93,0.937,0.932,0.922,0.938,0.931,71.49208791208792,71.55538461538463,71.38,71.6,71.72,71.84,71.96,72.08,72.2,72.2,72.2,72.2,72.2,72.2,72.2,0.8150109890109896,0.8248846153846152,0.803,0.802,0.882,0.861,0.909,0.904,0.912,0.916,0.924,0.927,0.924,0.931,0.927,0.47591608391607565,0.4522458310919788,0.464,0.287,0.296,0.352,0.41,0.404,0.347,0.345,0.253,0.179,0.087,0.1682027972027882,0.133,0.6890000000000001,0.6868571428571428,0.6847142857142856,0.6825714285714293,0.680428571428572,0.6782857142857148,0.6761428571428576,0.67,0.664,0.696,0.69,0.595,0.689,0.675,0.653
Mauritania,4.149,4.248,4.5,4.772,4.785,4.673,4.199,4.483,3.923,4.472,4.678,4.314,4.153,4.315254437869822,4.227,8.533,8.501,8.473,8.47,8.481,8.495,8.506,8.519,8.542,8.526,8.533,8.526,8.556,8.542112426035503,8.542,0.682,0.67,0.819,0.857,0.75,0.763,0.741,0.853,0.875,0.785,0.779,0.802,0.798,0.8210976331360946,0.795,53.66,53.94,54.22,54.5,54.82,55.14,55.46,55.78,56.1,56.4,56.7,57.0,57.3,57.41026923076913,57.161,0.573,0.593,0.735,0.669,0.567,0.487,0.603,0.468,0.447,0.467,0.527,0.467,0.628,0.5043402366863923,0.561,-0.072,-0.018,0.039,0.055,0.052,-0.021,-0.079,-0.054,0.055,-0.175,-0.153,-0.112,-0.102,-0.11827218934911343,-0.106,0.586,0.841,0.848,0.727,0.747,0.707,0.676,0.589,0.715,0.842,0.777,0.711,0.743,0.7358905325443786,0.731
Mexico,6.525,6.829,6.963,6.802,6.91,7.32,7.443,6.68,6.236,6.824,6.41,6.55,6.432,5.964,6.317,9.825,9.821,9.752,9.788,9.81,9.832,9.832,9.847,9.867,9.884,9.893,9.903,9.891,9.782,9.859,0.879,0.876,0.868,0.876,0.824,0.767,0.759,0.782,0.761,0.893,0.8,0.858,0.852,0.779,0.831,66.32,66.38,66.44,66.5,66.68,66.86,67.04,67.22,67.4,67.7,68.0,68.3,68.6,68.9,68.597,0.67,0.677,0.682,0.778,0.831,0.788,0.739,0.779,0.719,0.752,0.861,0.816,0.903,0.873,0.862,-0.095,-0.128,-0.076,-0.048,-0.099,-0.093,-0.165,-0.094,-0.152,-0.153,-0.202,-0.179,-0.141,-0.119,-0.147,0.747,0.785,0.764,0.693,0.698,0.633,0.615,0.63,0.708,0.809,0.801,0.809,0.809,0.778,0.799
Moldova,4.775,5.503,5.554,5.59,5.792,5.996,5.756,5.917,6.017,5.578,5.326,5.682,5.803,5.812,5.766,8.968,9.045,8.984,9.054,9.111,9.105,9.192,9.241,9.246,9.3,9.363,9.423,9.475,9.462,9.454,0.804,0.872,0.856,0.847,0.869,0.826,0.803,0.805,0.84,0.837,0.831,0.892,0.809,0.874,0.857,60.76,60.94,61.12,61.3,61.62,61.94,62.26,62.58,62.9,63.6,64.3,65.0,65.7,66.4,65.699,0.696,0.641,0.551,0.598,0.628,0.602,0.658,0.623,0.595,0.557,0.553,0.824,0.784,0.859,0.822,-0.186,-0.056,-0.099,-0.088,-0.082,-0.05,-0.069,-0.113,-0.09,-0.047,-0.053,-0.084,-0.092,-0.058,-0.079,0.93,0.926,0.925,0.929,0.957,0.955,0.941,0.925,0.943,0.969,0.926,0.929,0.884,0.941,0.918
Mongolia,4.609,4.493,4.6003131170662925,4.586,5.031,4.885,4.913,4.825,4.983,5.057,5.334,5.465,5.563,6.011,5.677,8.833,8.904,8.979901269393494,8.92,9.061,9.158,9.248,9.304,9.308,9.3,9.334,9.386,9.418,9.396,9.4,0.881,0.92,0.9141932299012687,0.904,0.948,0.919,0.935,0.943,0.906,0.947,0.924,0.942,0.946,0.918,0.935,58.82,59.28,59.8238363892807,60.2,60.5,60.8,61.1,61.4,61.7,61.9,62.1,62.3,62.5,62.7,62.5,0.781,0.484,0.6693977433004221,0.631,0.7,0.688,0.748,0.752,0.686,0.76,0.675,0.696,0.711,0.718,0.708,0.064,0.068,0.1004485190409028,0.099,0.151,0.107,0.136,0.146,0.173,0.09,0.119,0.054,0.149,0.141,0.116,0.918,0.962,0.9394908321579685,0.928,0.931,0.932,0.928,0.909,0.9,0.9,0.865,0.849,0.873,0.843,0.856
Montenegro,5.196,5.060920118343191,4.801,5.455,5.223,5.219,5.074,5.283,5.125,5.304,5.615,5.65,5.386,5.722,5.581,9.693,9.678366863905325,9.699,9.724,9.755,9.726,9.76,9.777,9.81,9.839,9.885,9.934,9.97,9.913,9.94,0.832,0.7842810650887575,0.816,0.805,0.818,0.704,0.736,0.863,0.74,0.866,0.881,0.856,0.832,0.887,0.858,66.2,66.62850591715977,66.8,67.1,67.26,67.42,67.58,67.74,67.9,68.1,68.3,68.5,68.7,68.9,68.699,0.512,0.4775236686390585,0.556,0.552,0.546,0.462,0.502,0.503,0.583,0.569,0.626,0.626,0.694,0.802,0.708,-0.134,-0.1765532544378665,-0.101,-0.206,-0.226,-0.192,-0.176,0.097,-0.144,-0.087,-0.083,-0.051,-0.105,0.06,-0.034,0.815,0.7727071005917159,0.838,0.757,0.762,0.755,0.693,0.768,0.781,0.849,0.756,0.769,0.82,0.845,0.812
Morocco,4.891999353169467,4.905725743855108,4.919452134540748,4.383,5.085,4.97,5.142,4.98808408796895,5.163,5.386,5.312,4.897,5.057,4.803,4.918,8.733974126778783,8.7480297542044,8.762085381630012,8.746,8.783,8.799,8.829,8.832363518758086,8.872,8.869,8.898,8.914,8.925,8.871,8.903,0.8076136363636337,0.787329545454547,0.7670454545454533,0.7467613636363666,0.833,0.676,0.597,0.6656249999999986,0.606,0.655,0.641,0.554,0.535,0.553,0.56,62.74129883570504,63.01870633893918,63.29611384217333,63.5,63.8,64.1,64.4,64.68315135834405,65.0,65.3,65.6,65.9,66.2,66.5,66.208,0.5850989650711469,0.6019611901681685,0.6188234152651972,0.663,0.579,0.757,0.572,0.7031345407503196,0.713,0.817,0.814,0.773,0.757,0.819,0.774,-0.17420827943078798,-0.1793104786545925,-0.18441267787839521,-0.162,-0.218,-0.187,-0.21,-0.2099236739974124,-0.228,-0.237,-0.216,-0.234,-0.244,-0.229,-0.236,0.8806565329883593,0.8733699870633913,0.8660834411384233,0.9,0.875,0.845,0.771,0.8296507115135849,0.842,0.717,0.841,0.843,0.757,0.803,0.801
Nepal,4.748,4.441,4.917,4.35,3.809,4.233,4.605,4.975,4.812,5.1,4.737,4.91,5.449,5.140751479289932,5.269,7.638,7.686,7.723,7.765,7.797,7.846,7.889,7.948,7.976,7.973,8.039,8.087,8.136,8.14362721893491,8.12,0.787,0.818,0.813,0.779,0.741,0.734,0.74,0.786,0.748,0.837,0.816,0.768,0.772,0.7759852071005919,0.774,57.7,58.2,58.7,59.2,59.4,59.6,59.8,60.0,60.2,61.3,62.4,63.5,64.6,63.82131065088765,64.233,0.413,0.618,0.616,0.519,0.525,0.638,0.722,0.712,0.763,0.839,0.845,0.77,0.79,0.8485917159763261,0.782,0.317,0.291,0.044,0.092,-0.01,0.07,0.151,0.121,0.227,0.168,0.134,0.122,0.167,0.1305621301775144,0.152,0.891,0.9,0.95,0.911,0.935,0.883,0.877,0.841,0.824,0.817,0.77,0.742,0.712,0.7337100591715995,0.727
Netherlands,7.452,7.631,7.493755994358249,7.502,7.564,7.471,7.407,7.321,7.324,7.541,7.459,7.463,7.425,7.504,7.464,10.881,10.899,10.8697221438646,10.864,10.875,10.861,10.857,10.867,10.882,10.899,10.921,10.941,10.953,10.901,10.932,0.944,0.944,0.9357179125528913,0.957,0.938,0.939,0.925,0.909,0.879,0.926,0.937,0.939,0.941,0.944,0.942,70.8,71.0,71.22059238363892,71.4,71.52,71.64,71.76,71.88,72.0,72.1,72.2,72.3,72.4,72.5,72.4,0.896,0.883,0.9009746121297604,0.921,0.925,0.877,0.919,0.91,0.904,0.907,0.92,0.92,0.886,0.935,0.913,0.344,0.365,0.3516473906911166,0.349,0.336,0.288,0.305,0.331,0.261,0.239,0.25,0.161,0.213,0.151,0.175,0.445,0.419,0.4398251057827913,0.399,0.359,0.434,0.505,0.457,0.412,0.433,0.363,0.371,0.36,0.281,0.338
New Zealand,7.604,7.381,7.360488011283497,7.224,7.191,7.25,7.28,7.306,7.418,7.226,7.327,7.37,7.205,7.257,7.277,10.546,10.528,10.538207334273627,10.52,10.536,10.553,10.571,10.592,10.608,10.623,10.633,10.66,10.666,10.6,10.643,0.967,0.944,0.9572468265162202,0.976,0.954,0.93,0.958,0.942,0.987,0.937,0.955,0.954,0.939,0.952,0.948,71.4,71.6,71.76332863187588,72.0,72.12,72.24,72.36,72.48,72.6,72.8,73.0,73.2,73.4,73.6,73.4,0.878,0.893,0.9092750352609311,0.918,0.935,0.902,0.944,0.932,0.942,0.927,0.942,0.949,0.912,0.918,0.929,0.279,0.298,0.30596897038082105,0.254,0.284,0.287,0.237,0.348,0.329,0.266,0.294,0.12,0.157,0.125,0.134,0.295,0.334,0.30112834978843495,0.321,0.269,0.289,0.312,0.273,0.186,0.278,0.222,0.207,0.234,0.283,0.242
Nicaragua,4.944,5.104,5.353,5.687,5.386,5.448,5.772,6.275,5.924,6.013,6.476,5.819,6.113,6.263538461538445,5.972,8.434,8.454,8.407,8.436,8.484,8.534,8.569,8.602,8.636,8.668,8.7,8.647,8.595,8.680807692307695,8.62,0.866,0.857,0.835,0.863,0.8,0.894,0.868,0.839,0.827,0.853,0.838,0.854,0.874,0.855153846153846,0.864,64.48,64.82,65.16,65.5,65.72,65.94,66.16,66.38,66.6,66.9,67.2,67.5,67.8,67.84244674556214,67.657,0.836,0.791,0.746,0.792,0.779,0.85,0.859,0.817,0.809,0.717,0.922,0.797,0.883,0.8426035502958573,0.836,0.14,0.076,0.07,0.018,-0.02,0.017,0.039,0.104,0.077,0.039,0.01,0.009,0.029,0.015677514792900027,0.02,0.826,0.819,0.794,0.802,0.76,0.644,0.636,0.699,0.728,0.731,0.673,0.713,0.622,0.6443106508875793,0.664
Niger,4.277,4.236,4.267,4.101,4.556,3.798,3.716,4.181,3.671,4.235,4.616,5.164,5.004,4.7546420118343065,5.074,6.881,6.918,6.898,6.941,6.925,6.987,7.002,7.027,7.03,7.047,7.058,7.087,7.106,7.111769230769227,7.098,0.726,0.607,0.771,0.655,0.818,0.7,0.696,0.753,0.713,0.683,0.582,0.612,0.677,0.6488639053254452,0.641,47.12,47.88,48.64,49.4,49.92,50.44,50.96,51.48,52.0,52.5,53.0,53.5,54.0,54.32491124260355,53.78,0.584,0.649,0.88,0.817,0.78,0.734,0.825,0.688,0.728,0.702,0.684,0.791,0.831,0.7861834319526615,0.806,-0.056,-0.055,-0.009,-0.023,-0.055,-0.064,-0.077,-0.046,-0.032,-0.016,-0.03,0.009,0.026,0.002434911242602311,0.018,0.748,0.749,0.483,0.529,0.549,0.777,0.711,0.605,0.703,0.814,0.778,0.637,0.729,0.7217869822485206,0.693
Nigeria,4.89,4.939,4.98,4.76,4.995816733067729,5.493,4.818,5.015772623790552,4.933,5.22,5.322,5.252,4.356,5.503,4.759,8.364,8.403,8.453,8.504,8.48535059760956,8.543,8.581,8.513239328400683,8.615,8.573,8.555,8.548,8.544,8.484,8.533,0.718,0.78,0.722,0.824,0.7597848605577693,0.818,0.663,0.7563417757541266,0.812,0.805,0.733,0.741,0.734,0.739,0.74,44.64,45.16,45.68,46.2,46.587163346613465,47.12,47.58,47.862083096186666,48.5,48.9,49.3,49.7,50.1,50.5,50.102,0.635,0.584,0.537,0.565,0.6327968127490031,0.652,0.622,0.6786283437677838,0.68,0.798,0.826,0.79,0.729,0.713,0.737,0.136,0.119,0.067,0.067,0.07604780876494033,0.066,0.051,0.06228912919749696,-0.035,0.043,0.124,-0.01,0.032,0.099,0.037,0.918,0.892,0.913,0.911,0.9031633466135469,0.9,0.905,0.8955830961866829,0.926,0.905,0.835,0.866,0.873,0.913,0.878
North Macedonia,4.494,4.545165680473374,4.428,4.18,4.898,4.64,5.186,5.204,4.976,5.346,5.234,5.24,5.015,5.054,5.101,9.416,9.445869822485207,9.464,9.496,9.518,9.513,9.541,9.576,9.613,9.64,9.65,9.677,9.711,9.69,9.693,0.811,0.7689615384615385,0.734,0.687,0.784,0.798,0.832,0.793,0.766,0.871,0.8,0.849,0.815,0.75,0.805,64.095,64.32910355029588,64.349,64.502,64.661,64.811,64.942,65.053,65.145,65.225,65.303,65.389,65.474,65.56,65.474,0.439,0.5081568047337228,0.552,0.513,0.607,0.613,0.641,0.645,0.66,0.706,0.752,0.745,0.725,0.787,0.751,0.08,-0.033165680473372205,-0.042,-0.058,-0.087,-0.084,0.025,0.035,-0.047,0.08,-0.059,-0.041,0.024,0.131,0.038,0.87,0.8555917159763311,0.844,0.856,0.865,0.92,0.861,0.861,0.824,0.87,0.856,0.91,0.923,0.877,0.905
Pakistan,5.671,4.414,5.208,5.786,5.267,5.132,5.138,5.436,4.823,5.549,5.831,5.472,4.443,5.136967455621303,4.934,8.277,8.271,8.277,8.27,8.276,8.289,8.311,8.336,8.361,8.394,8.428,8.464,8.453,8.45661834319527,8.458,0.479,0.373,0.522,0.571,0.51,0.542,0.607,0.552,0.562,0.627,0.69,0.685,0.617,0.6766923076923064,0.651,55.0,55.4,55.8,56.2,56.42,56.64,56.86,57.08,57.3,57.7,58.1,58.5,58.9,58.85745266272181,58.709,0.396,0.335,0.388,0.364,0.376,0.367,0.448,0.543,0.587,0.634,0.713,0.773,0.685,0.7435650887573928,0.726,0.089,0.1,0.077,0.3,0.03,0.165,0.1,0.14,0.085,0.095,0.045,0.069,0.124,0.09009467455621412,0.098,0.794,0.848,0.874,0.852,0.857,0.842,0.792,0.677,0.717,0.793,0.714,0.799,0.776,0.7498431952662745,0.787
Palestinian Territories,4.151,4.386,4.47,4.703,4.751,4.647,4.844,4.722,4.695,4.907,4.628,4.554,4.483,4.693127218934912,4.517,8.218,8.276,8.329,8.383,8.474,8.531,8.489,8.457,8.48,8.498,8.485,8.521590682948897,8.539909543193133,8.558228403437361,8.485,0.712,0.666,0.738,0.822,0.751,0.782,0.761,0.775,0.766,0.818,0.824,0.819,0.833,0.8374349112426032,0.826,61.897,62.015,62.132,62.25,62.108799999999995,62.1269,62.144999999999996,62.1631,62.1812,62.1993,62.2174,62.2355,62.2536,62.271699999999996,62.25,0.365,0.358,0.468,0.504,0.522,0.542,0.454,0.657,0.556,0.608,0.632,0.655,0.653,0.6840384615384636,0.653,-0.08,-0.07,-0.085,-0.117,-0.127,-0.153,-0.15,-0.147,-0.153,-0.129,-0.163,-0.1637648123021247,-0.17056128448665575,-0.17735775667118858,-0.163,0.844,0.753,0.797,0.752,0.75,0.73,0.78,0.804,0.774,0.812,0.831,0.814,0.829,0.8157337278106507,0.821
Panama,6.894,6.931,7.034,7.321,7.248,6.86,6.866,6.631,6.606,6.118,6.568,6.281,6.086,6.177692307692325,6.18,9.859,9.935,9.93,9.969,10.059,10.135,10.184,10.217,10.255,10.287,10.324,10.343,10.356,10.412103550295853,10.35,0.937,0.922,0.905,0.928,0.876,0.897,0.896,0.873,0.883,0.882,0.912,0.904,0.886,0.8852396449704152,0.896,68.0,68.1,68.2,68.3,68.5,68.7,68.9,69.1,69.3,69.4,69.5,69.6,69.7,69.83086390532543,69.652,0.64,0.707,0.721,0.755,0.829,0.783,0.811,0.894,0.847,0.884,0.9,0.861,0.883,0.9184585798816585,0.872,0.083,0.06,0.014,-0.009,0.009,-0.002,0.018,0.002,-0.007,-0.102,-0.17,-0.131,-0.199,-0.16734319526626962,-0.166,0.915,0.881,0.889,0.88,0.84,0.796,0.814,0.847,0.81,0.837,0.841,0.837,0.869,0.8299585798816569,0.856
Paraguay,5.272,5.57,5.576,5.841,5.677,5.82,5.936,5.119,5.56,5.801,5.713,5.679061452513967,5.653,5.699603351955307,5.653,9.126,9.174,9.158,9.25,9.278,9.259,9.326,9.36,9.377,9.406,9.441,9.433064245810058,9.448,9.483994413407821,9.448,0.863,0.889,0.9,0.889,0.869,0.931,0.939,0.959,0.914,0.94,0.902,0.9155391061452511,0.892,0.9194748603351952,0.893,63.84,64.06,64.28,64.5,64.62,64.74,64.86,64.98,65.1,65.3,65.5,65.60662011173184,65.9,65.90681564245813,65.9,0.699,0.649,0.718,0.726,0.666,0.748,0.909,0.759,0.806,0.854,0.891,0.8660495810055835,0.876,0.9009413407821185,0.876,0.132,0.057,0.027,0.076,0.191,0.2,0.046,-0.002,-0.008,-0.071,0.003,0.011409916201120751,0.028,-0.006611731843573665,0.028,0.93,0.891,0.857,0.78,0.756,0.774,0.903,0.762,0.863,0.756,0.81,0.8289406424581007,0.882,0.8266899441340785,0.882
Peru,5.214,5.129,5.519,5.613,5.892,5.825,5.783,5.866,5.577,5.701,5.711,5.68,5.999,5.915038461538458,5.84,9.063,9.142,9.145,9.217,9.27,9.322,9.369,9.382,9.402,9.426,9.434,9.456,9.461,9.514656804733725,9.458,0.756,0.777,0.799,0.812,0.756,0.764,0.797,0.819,0.798,0.803,0.83,0.845,0.809,0.8304526627218944,0.832,65.58,65.82,66.06,66.3,66.48,66.66,66.84,67.02,67.2,67.5,67.8,68.1,68.4,68.35002958579884,68.25,0.638,0.638,0.638,0.757,0.773,0.703,0.703,0.722,0.802,0.83,0.827,0.83,0.815,0.8470769230769193,0.822,-0.078,-0.067,-0.079,-0.06,-0.123,-0.079,-0.066,-0.136,-0.09,-0.134,-0.154,-0.178,-0.13,-0.15544378698224648,-0.154,0.931,0.896,0.88,0.881,0.824,0.867,0.87,0.878,0.884,0.866,0.895,0.906,0.874,0.8797485207100592,0.891
Philippines,5.074,4.589,4.88,4.942,4.994,5.002,4.977,5.313,5.547,5.431,5.594,5.869,6.268,5.08,5.88,8.608,8.634,8.632,8.686,8.707,8.756,8.805,8.85,8.896,8.95,9.002,9.05,9.095,9.061,9.076,0.801,0.798,0.775,0.805,0.789,0.813,0.846,0.813,0.854,0.821,0.851,0.846,0.845,0.781,0.83,60.0,60.2,60.4,60.6,60.8,61.0,61.2,61.4,61.6,61.7,61.8,61.9,62.0,62.1,62.0,0.852,0.861,0.874,0.893,0.883,0.914,0.907,0.902,0.912,0.908,0.926,0.918,0.91,0.932,0.917,-0.022,0.083,0.004,0.033,0.073,0.053,0.021,-0.015,-0.051,-0.071,-0.141,-0.108,-0.083,-0.116,-0.097,0.88,0.817,0.805,0.812,0.783,0.771,0.756,0.787,0.755,0.792,0.711,0.726,0.748,0.744,0.742
Poland,5.886,5.73877514792899,5.772,5.887,5.646,5.876,5.746,5.75,6.007,6.162,6.201,6.111,6.242,6.139,6.166,9.978,10.021295857988179,10.047,10.085,10.133,10.149,10.164,10.197,10.235,10.266,10.314,10.366,10.407,10.371,10.382,0.913,0.9247692307692308,0.917,0.955,0.905,0.936,0.912,0.924,0.893,0.917,0.882,0.863,0.878,0.953,0.898,66.7,66.7234615384616,67.1,67.3,67.46,67.62,67.78,67.94,68.1,68.5,68.9,69.3,69.7,70.1,69.702,0.772,0.8064585798816575,0.821,0.795,0.868,0.811,0.776,0.875,0.793,0.871,0.831,0.87,0.883,0.767,0.841,-0.047,-0.0044112426035489705,0.073,0.002,-0.067,-0.027,-0.137,-0.064,-0.093,-0.091,-0.122,-0.254,-0.231,-0.007,-0.165,0.925,0.9414289940828411,0.898,0.905,0.908,0.888,0.916,0.898,0.81,0.848,0.639,0.72,0.696,0.787,0.735
Portugal,4.98962983425416,5.717,5.113839779005531,5.095,5.22,4.994,5.158,5.127,5.081,5.447,5.711,5.92,6.095,5.768,5.929,10.323948303078138,10.384,10.336621546961327,10.368,10.353,10.315,10.312,10.325,10.347,10.37,10.407,10.434,10.457,10.371,10.421,0.8657087608524072,0.886,0.8683259668508285,0.864,0.856,0.866,0.867,0.862,0.866,0.905,0.9,0.887,0.876,0.875,0.879,70.2393685872139,70.32,70.62011049723759,70.8,71.0,71.2,71.4,71.6,71.8,72.0,72.2,72.4,72.6,72.8,72.6,0.698299131807417,0.646,0.730922651933696,0.721,0.875,0.774,0.788,0.847,0.8,0.838,0.905,0.877,0.882,0.913,0.892,-0.11224072612470337,-0.217,-0.13008287292817755,-0.106,-0.173,-0.097,-0.118,-0.126,-0.163,-0.225,-0.176,-0.261,-0.234,-0.238,-0.244,0.9731641673243878,0.933,0.9601712707182308,0.948,0.962,0.959,0.946,0.941,0.941,0.922,0.881,0.88,0.915,0.867,0.887
Romania,5.394,5.047269230769217,5.368,4.909,5.023,5.167,5.082,5.727,5.777,5.969,6.09,6.151,6.13,6.172269230769217,6.14,9.892,9.86979807692309,9.949,9.915,9.94,9.965,10.004,10.041,10.083,10.136,10.211,10.26,10.306,10.28189423076924,10.284,0.736,0.7336826923076938,0.812,0.689,0.753,0.74,0.778,0.753,0.787,0.809,0.811,0.818,0.842,0.8293942307692337,0.832,64.48,64.74120192307691,64.96,65.2,65.42,65.64,65.86,66.08,66.3,66.6,66.9,67.2,67.5,67.4887980769231,67.355,0.686,0.6053173076923102,0.606,0.566,0.65,0.645,0.655,0.754,0.796,0.822,0.839,0.845,0.848,0.864990384615389,0.845,-0.188,-0.1282692307692308,-0.196,-0.085,-0.14,-0.112,-0.129,-0.1,-0.141,-0.115,-0.16,-0.217,-0.221,-0.1829615384615373,-0.219,0.949,0.9655576923076925,0.967,0.974,0.964,0.959,0.952,0.958,0.962,0.949,0.926,0.921,0.954,0.9379807692307693,0.938
Russia,5.223,5.619,5.158,5.385,5.389,5.621,5.537,6.037,5.996,5.855,5.579,5.514,5.441,5.495,5.477,10.074,10.125,10.044,10.087,10.129,10.166,10.182,10.171,10.149,10.149,10.166,10.191,10.205,10.162,10.189,0.885,0.882,0.908,0.909,0.883,0.901,0.881,0.932,0.924,0.911,0.896,0.909,0.91,0.887,0.903,59.26,59.84,60.42,61.0,61.42,61.84,62.26,62.68,63.1,63.5,63.9,64.3,64.7,65.1,64.703,0.593,0.643,0.617,0.613,0.626,0.609,0.661,0.744,0.685,0.714,0.731,0.729,0.715,0.714,0.718,-0.284,-0.305,-0.283,-0.296,-0.279,-0.293,-0.289,-0.265,-0.171,-0.181,-0.145,-0.147,-0.116,-0.071,-0.111,0.933,0.924,0.954,0.937,0.935,0.938,0.934,0.869,0.913,0.925,0.862,0.865,0.848,0.823,0.845
Rwanda,4.121320301460202,4.363,4.03,3.905494112105515,4.097,3.333,3.466,3.596,3.483,3.333,3.108,3.561,3.268,3.186073480923227,3.415,7.2212242110221325,7.239,7.273,7.333245878473846,7.369,7.428,7.449,7.484,7.544,7.576,7.588,7.644,7.708,7.70665143664624,7.676,0.6114908148845972,0.486,0.559,0.6091012717852096,0.57,0.637,0.75,0.748,0.678,0.665,0.517,0.616,0.489,0.601136128120584,0.552,53.69100329722096,53.04,54.62,55.655091851153884,56.82,57.44,58.06,58.68,59.3,59.9,60.5,61.1,61.7,62.20205369759765,61.4,0.7809415920866698,0.752,0.766,0.8155157795572272,0.829,0.835,0.904,0.894,0.908,0.911,0.908,0.924,0.869,0.9307630711257637,0.897,-0.03359255770136649,0.017,-0.001,-0.013364107395196001,-0.039,-0.012,-0.028,-0.023,0.025,0.025,0.051,0.057,0.064,0.05406406029204014,0.061,0.24555440414508212,0.286,0.41,0.21701554404145185,0.161,0.081,0.117,0.078,0.095,0.159,0.214,0.164,0.168,0.1218860103626973,0.167
Saudi Arabia,7.267,6.811,6.148,6.307,6.7,6.396,6.495,6.278,6.345,6.474,6.294,6.356,6.561,6.56,6.494,10.689,10.722,10.673,10.693,10.758,10.779,10.776,10.783,10.798,10.792,10.764,10.771,10.757,10.701,10.743,0.892,0.823,0.921,0.88,0.83,0.867,0.827,0.818,0.82,0.89,0.84,0.868,0.912,0.89,0.891,63.86,64.04,64.22,64.4,64.6,64.8,65.0,65.2,65.4,65.7,66.0,66.3,66.6,66.9,66.603,0.622,0.532,0.639,0.678,0.603,0.56,0.661,0.762,0.82,0.774,0.814,0.855,0.891,0.884,0.877,0.005,-0.022,-0.11,-0.033,-0.142,-0.12,-0.081,-0.073,-0.045,-0.132,-0.131,-0.192,-0.147,-0.111,-0.149,0.45375477707006695,0.508,0.445,0.5024140127388534,0.518633757961787,0.5348535031847135,0.551073248407647,0.5672929936305735,0.5835127388535071,0.5997324840764335,0.6159522292993671,0.6321719745222936,0.6483917197452271,0.6646114649681536,0.684
Senegal,4.68,4.683,4.335,4.372,3.834,3.669,3.647,4.395,4.617,4.595,4.683,4.769,5.489,4.885612426035493,5.132,7.903,7.916,7.909,7.917,7.904,7.926,7.926,7.961,7.995,8.029,8.072,8.106,8.13,8.108215976331362,8.118,0.718,0.756,0.81,0.76,0.602,0.711,0.823,0.856,0.702,0.839,0.744,0.739,0.688,0.740529585798817,0.71,54.06,54.74,55.42,56.1,56.56,57.02,57.48,57.94,58.4,58.8,59.2,59.6,60.0,60.33402958579882,59.802,0.698,0.612,0.557,0.777,0.641,0.668,0.636,0.692,0.72,0.744,0.687,0.629,0.759,0.7109792899408287,0.695,-0.002,-0.03,-0.036,-0.077,-0.16,-0.036,-0.052,-0.045,-0.111,-0.086,-0.044,-0.074,-0.019,-0.0635562130177516,-0.046,0.827,0.879,0.918,0.851,0.87,0.852,0.837,0.7,0.765,0.794,0.825,0.805,0.796,0.7792988165680477,0.801
Serbia,4.75,4.472408284023686,4.38,4.461,4.815,5.155,5.102,5.113,5.318,5.753,5.122,5.936,6.241,6.042,6.078,9.532,9.536591715976332,9.568,9.579,9.607,9.605,9.638,9.627,9.649,9.688,9.713,9.762,9.808,9.788,9.787,0.844,0.7771686390532544,0.77,0.726,0.773,0.819,0.828,0.783,0.816,0.895,0.884,0.853,0.903,0.852,0.873,65.6,65.62366863905328,66.0,66.2,66.36,66.52,66.68,66.84,67.0,67.4,67.8,68.2,68.6,69.0,68.6,0.453,0.37703254437870726,0.373,0.463,0.44,0.461,0.533,0.532,0.546,0.614,0.685,0.74,0.753,0.843,0.778,-0.165,-0.18084911242603852,-0.178,-0.17,-0.185,-0.13,-0.1,0.072,-0.062,-0.068,-0.077,-0.1,-0.04,0.149,0.002,0.905,0.9633639053254441,0.961,0.965,0.977,0.952,0.908,0.912,0.859,0.89,0.851,0.864,0.813,0.824,0.835
Sierra Leone,3.585,2.997,3.981879022877088,4.134,4.502,4.0695897634742195,4.514,4.5,4.909,4.733,4.09,4.306,3.447,4.303485071733235,3.849,7.187,7.215,7.289410624272971,7.254,7.292,7.34287320666925,7.577,7.6,7.347,7.384,7.404,7.417,7.449,7.485440093059328,7.434,0.686,0.591,0.7211803024428072,0.812,0.782,0.7017460255913139,0.708,0.869,0.611,0.657,0.652,0.65,0.611,0.6499212873206677,0.63,41.2,42.1,42.53949709189601,43.9,44.32,44.9708266770067,45.16,45.58,46.0,47.6,49.2,50.8,52.4,51.454372237301186,51.651,0.72,0.716,0.7174711128344318,0.726,0.77,0.7120783249321438,0.72,0.681,0.624,0.681,0.711,0.716,0.718,0.69769755719271,0.717,0.248,0.148,0.09212834431950334,0.012,0.005,0.0802493214424187,-0.071,0.034,0.05,0.106,0.079,0.095,0.074,0.04857192710352809,0.084,0.83,0.925,0.8655874369910816,0.91,0.855,0.8610112446684761,0.856,0.786,0.825,0.863,0.848,0.856,0.874,0.8488080651415273,0.866
Singapore,6.834,6.642,6.145,6.531,6.561,6.532454896907218,6.533,7.062,6.62,6.033,6.378,6.375,6.378,6.367759020618557,6.377,11.212,11.178,11.149,11.267,11.307,11.309682989690721,11.357,11.383,11.4,11.419,11.461,11.49,11.486,11.517363402061854,11.488,0.921,0.845,0.866,0.864,0.904,0.8762822164948458,0.808,0.822,0.866,0.925,0.897,0.903,0.925,0.9014935567010314,0.915,73.9,74.2,74.5,74.8,75.02,75.21298131443302,75.46,75.68,75.9,76.2,76.5,76.8,77.1,77.1199787371134,76.953,0.867,0.661,0.776,0.846,0.822,0.8339871134020633,0.827,0.835,0.887,0.904,0.926,0.916,0.938,0.9395025773195869,0.927,0.293,0.046,-0.075,-0.018,-0.149,0.061956829896907095,0.115,0.154,0.15,0.143,0.136,-0.066,0.027,0.03743363402061828,-0.018,0.064,0.066,0.035,0.06,0.099,0.09250837628866027,0.242,0.133,0.099,0.047,0.162,0.097,0.07,0.11192332474226774,0.082
Slovakia,5.779433566433553,5.823353146853137,5.86727272727272,6.052,5.945,5.911,5.937,6.139,6.162,5.993,6.366,6.235,6.243,6.519,6.331,10.115152680652685,10.135477855477859,10.155803030303034,10.169,10.196,10.213,10.218,10.244,10.291,10.31,10.339,10.376,10.398,10.332,10.369,0.910905594405595,0.9129755244755251,0.9150454545454552,0.92,0.917,0.926,0.909,0.924,0.943,0.945,0.913,0.922,0.933,0.954,0.936,66.04381235431237,66.29455011655011,66.54528787878786,66.8,67.04,67.28,67.52,67.76,68.0,68.3,68.6,68.9,69.2,69.5,69.201,0.572045454545453,0.5858636363636371,0.5996818181818178,0.636,0.727,0.62,0.598,0.635,0.587,0.7,0.714,0.758,0.771,0.762,0.766,-0.026066433566434455,-0.03314685314685306,-0.040227272727273444,-0.101,0.01,-0.028,-0.051,-0.126,-0.128,-0.061,-0.055,-0.167,-0.129,-0.075,-0.124,0.9104627039627039,0.9108298368298369,0.9111969696969697,0.907,0.907,0.907,0.915,0.914,0.928,0.917,0.92,0.91,0.926,0.901,0.911
Slovenia,5.69051648351649,5.742153846153855,5.83,6.083,6.036,6.063,5.975,5.678,5.741,5.937,6.167,6.249,6.665,6.462,6.461,10.357999999999999,10.370653846153848,10.41,10.419,10.426,10.397,10.385,10.412,10.433,10.463,10.509,10.546,10.563,10.478,10.529,0.9080659340659336,0.9107692307692306,0.919,0.917,0.931,0.925,0.932,0.908,0.901,0.934,0.928,0.941,0.949,0.953,0.948,68.43956043956047,68.67307692307696,68.9,69.2,69.4,69.6,69.8,70.0,70.2,70.5,70.8,71.1,71.4,71.7,71.4,0.872351648351648,0.8776923076923069,0.896,0.896,0.907,0.904,0.89,0.888,0.896,0.904,0.921,0.942,0.945,0.958,0.949,0.04999999999999716,0.03969230769230592,-0.019,0.029,-0.025,-0.02,0.036,0.052,0.008,-0.055,-0.025,-0.119,-0.102,-0.081,-0.101,0.8965054945054955,0.890653846153846,0.804,0.845,0.893,0.891,0.918,0.909,0.892,0.838,0.829,0.839,0.785,0.797,0.806
South Africa,5.204,5.346,5.218,4.652,4.931,5.134,3.661,4.828,4.887,4.77,4.514,4.884,5.035,4.947,4.956,9.426,9.444,9.414,9.43,9.447,9.453,9.461,9.464,9.46,9.45,9.45,9.444,9.432,9.332,9.403,0.788,0.81,0.877,0.917,0.858,0.907,0.839,0.881,0.898,0.875,0.87,0.841,0.848,0.891,0.86,48.64,49.26,49.88,50.5,51.46,52.42,53.38,54.34,55.3,55.7,56.1,56.5,56.9,57.3,56.904,0.69,0.749,0.739,0.739,0.835,0.59,0.714,0.794,0.862,0.774,0.787,0.753,0.738,0.757,0.749,-0.158,-0.095,-0.154,-0.202,-0.154,-0.163,-0.077,-0.117,-0.127,-0.07,-0.129,-0.05,-0.134,-0.015,-0.067,0.859,0.866,0.904,0.791,0.819,0.838,0.8,0.82,0.853,0.813,0.865,0.841,0.82,0.912,0.86
South Korea,5.767,5.39,5.648,6.116,6.947,6.003,5.959,5.801,5.78,5.971,5.874,5.84,5.903,5.793,5.845,10.361,10.383,10.386,10.447,10.475,10.494,10.52,10.546,10.568,10.593,10.621,10.643,10.661,10.648,10.651,0.827,0.754,0.811,0.816,0.809,0.775,0.797,0.738,0.768,0.811,0.807,0.798,0.783,0.808,0.799,70.5,70.8,71.1,71.4,71.66,71.92,72.18,72.44,72.7,73.0,73.3,73.6,73.9,74.2,73.9,0.656,0.524,0.6,0.677,0.682,0.618,0.642,0.623,0.616,0.591,0.538,0.6,0.706,0.711,0.672,-0.059,-0.102,-0.096,-0.033,-0.048,-0.055448186528497256,-0.05,-0.043,-0.036,0.026,0.014,-0.089,-0.055,-0.106,-0.083,0.803,0.771,0.787,0.752,0.827,0.844,0.832,0.834,0.841,0.862,0.851,0.797,0.718,0.665,0.727
Spain,6.995,7.294,6.199,6.188,6.518,6.291,6.15,6.456,6.381,6.319,6.23,6.513,6.457,6.502,6.491,10.587,10.579,10.532,10.529,10.518,10.487,10.476,10.492,10.531,10.56,10.586,10.605,10.618,10.488,10.571,0.957,0.948,0.929,0.95,0.944,0.937,0.929,0.948,0.956,0.942,0.903,0.91,0.949,0.935,0.932,72.06,72.34,72.62,72.9,73.02,73.14,73.26,73.38,73.5,73.8,74.1,74.4,74.7,75.0,74.7,0.782,0.834,0.749,0.796,0.819,0.755,0.759,0.738,0.732,0.768,0.756,0.722,0.778,0.783,0.761,-0.093,-0.15,-0.127,-0.138,-0.122,-0.059,-0.101,-0.028,-0.072,-0.048,-0.032,-0.075,-0.049,-0.121,-0.081,0.784,0.683,0.798,0.84,0.846,0.844,0.916,0.854,0.822,0.819,0.791,0.777,0.73,0.73,0.745
Sri Lanka,4.415,4.431,4.212,3.977,4.181,4.225,4.365,4.268,4.612,4.321646596858639,4.331,4.435,4.213,4.34416492146597,4.325,8.97,9.021,9.049,9.119,9.193,9.279,9.305,9.344,9.383,9.373992801047123,9.44,9.462,9.479,9.532570026178007,9.47,0.838,0.816,0.83,0.814,0.842,0.824,0.809,0.805,0.863,0.825916884816754,0.823,0.833,0.815,0.8256721204188482,0.827,65.86,65.94,66.02,66.1,66.2,66.3,66.4,66.5,66.6,66.83527028795808,67.0,67.2,67.4,67.31050719895285,67.299,0.736,0.834,0.799,0.738,0.823,0.8,0.834,0.868,0.902,0.8374476439790577,0.827,0.859,0.824,0.8611910994764393,0.841,0.11,0.163,0.306,0.259,0.145,0.161,0.268,0.299,0.319,0.1586897905759166,0.094,0.106,0.051,0.12374476439790527,0.079,0.847,0.861,0.69,0.769,0.76,0.823,0.842,0.791,0.859,0.8356007853403131,0.844,0.856,0.863,0.8585196335078518,0.863
Sweden,7.241,7.516,7.266,7.496,7.382,7.56,7.434,7.239,7.289,7.369,7.287,7.375,7.398,7.314,7.363,10.806,10.793,10.74,10.79,10.814,10.8,10.804,10.82,10.853,10.861,10.873,10.881,10.882,10.838,10.867,0.917,0.923,0.903,0.97,0.921,0.929,0.916,0.933,0.929,0.912,0.914,0.931,0.934,0.936,0.934,71.48,71.62,71.76,71.9,71.98,72.06,72.14,72.22,72.3,72.4,72.5,72.6,72.7,72.8,72.7,0.91,0.912,0.864,0.905,0.941,0.944,0.936,0.945,0.935,0.918,0.935,0.942,0.942,0.951,0.945,0.146,0.125,0.221,0.141,0.161,0.132,0.159,0.202,0.211,0.146,0.17,0.077,0.091,0.091,0.086,0.289,0.314,0.292,0.253,0.269,0.254,0.324,0.25,0.232,0.246,0.239,0.263,0.25,0.203,0.237
Taiwan Province of China,5.874273480662993,5.548,5.994864640883989,6.229,6.309,6.126,6.34,6.363,6.45,6.513,6.359,6.467,6.537,6.751,6.584,10.620050741608118,10.606,10.66496096799375,10.691,10.705,10.716,10.75,10.798,10.842,10.855,10.871,10.86705698672911,10.88951209992193,10.91196721311475,10.871,0.8158891081294382,0.83,0.8292569060773474,0.831,0.863,0.825,0.817,0.87,0.885,0.895,0.891,0.896,0.893,0.901,0.898,69.30585034013606,69.14,69.35278911564626,69.6,69.39972789115647,69.42319727891157,69.44666666666667,69.47013605442177,69.49360544217689,69.51707482993197,69.54054421768708,69.56401360544218,69.58748299319728,69.61095238095238,69.6,0.6455769534333058,0.642,0.666674033149171,0.677,0.761,0.698,0.69,0.693,0.701,0.719,0.76,0.741,0.814,0.799,0.784,0.04173926619828272,-0.017,0.028354410616705295,0.005,0.035,0.022,0.002,0.092,0.019,-0.049,-0.07,-0.03187743950038957,-0.038569867291178284,-0.045262295081967,-0.07,0.8446223362273084,0.785,0.82885359116022,0.821,0.755,0.803,0.841,0.866,0.857,0.811,0.743,0.736,0.718,0.711,0.721
Tajikistan,4.432,5.064,4.575,4.381,4.263,4.497,4.967,4.896,5.124,5.104,5.829,5.497,5.464,5.373,5.466,7.609,7.665,7.682,7.723,7.772,7.821,7.87,7.911,7.945,7.987,8.036,8.082,8.126,8.08,8.091,0.727,0.701,0.676,0.759,0.751,0.729,0.701,0.81,0.844,0.857,0.663,0.875,0.88,0.79,0.86,61.08,61.52,61.96,62.4,62.56,62.72,62.88,63.04,63.2,63.5,63.8,64.1,64.4,64.7,64.281,0.818,0.816,0.744,0.784,0.776,0.749,0.693,0.853,0.847,0.703,0.832,0.79821302578019,0.800301221166893,0.8023894165535959,0.832,0.0,0.018,0.001,0.062,-0.119,-0.073,0.063,0.002,0.022,0.01,0.124,-0.065,-0.045,-0.04,-0.056,0.659,0.723,0.792,0.679,0.672,0.717,0.764,0.698,0.742,0.632,0.718,0.578,0.49,0.55,0.553
Tanzania,4.318,4.385,3.408,3.229,4.074,4.007,3.852,3.483,3.661,2.903,3.347,3.445,3.64,3.786,3.623,7.522,7.549,7.572,7.604,7.649,7.663,7.699,7.734,7.764,7.8,7.836,7.859,7.886,7.881,7.876,0.708,0.774,0.837,0.813,0.883,0.832,0.803,0.789,0.79,0.638,0.705,0.675,0.687,0.74,0.702,49.6,50.5,51.4,52.3,53.04,53.78,54.52,55.26,56.0,56.5,57.0,57.5,58.0,58.5,57.999,0.716,0.562,0.607,0.597,0.736,0.577,0.654,0.654,0.759,0.775,0.8,0.807,0.85,0.83,0.833,-0.013,0.256,0.308,0.139,-0.046,0.213,0.054,0.11,0.149,0.179,0.116,0.153,0.1,0.295,0.183,0.707,0.93,0.903,0.866,0.816,0.887,0.859,0.878,0.906,0.739,0.654,0.612,0.589,0.521,0.577
Thailand,5.784,5.636,5.476,6.217,6.664,6.3,6.231,6.985,6.202,6.074,5.939,6.012,6.022,5.885,5.985,9.508,9.52,9.508,9.576,9.579,9.645,9.667,9.672,9.699,9.729,9.765,9.803,9.824,9.769,9.805,0.889,0.832,0.893,0.898,0.884,0.906,0.926,0.933,0.866,0.908,0.877,0.873,0.903,0.867,0.888,64.48,64.82,65.16,65.5,65.72,65.94,66.16,66.38,66.6,66.8,67.0,67.2,67.4,67.6,67.401,0.87,0.868,0.868,0.86,0.927,0.847,0.781,0.9,0.885,0.924,0.923,0.905,0.898,0.84,0.884,0.391,0.425,0.525,0.536,0.4,0.38,0.456,0.553,0.316,0.356,0.212,0.259,0.309,0.273,0.287,0.898,0.933,0.904,0.917,0.923,0.909,0.925,0.92,0.914,0.878,0.884,0.907,0.877,0.918,0.895
Tunisia,5.11602197802199,5.069461538461539,5.025,5.131,4.876,4.464,5.246,4.764,5.132,4.521,4.124,4.741,4.315,4.731,4.596,9.198318681318682,9.204192307692308,9.197,9.222,9.192,9.222,9.24,9.26,9.261,9.262,9.269,9.284,9.283,9.231,9.266,0.7290489510489522,0.7246608391608405,0.7202727272727287,0.863,0.715,0.614,0.648,0.68,0.609,0.702,0.717,0.733,0.61,0.719,0.691,64.39937362637363,64.61830769230772,64.96,65.1,65.28,65.46,65.64,65.82,66.0,66.3,66.6,66.9,67.2,67.5,67.201,0.6325604395604394,0.631730769230769,0.781,0.624,0.603,0.568,0.536,0.589,0.711,0.614,0.478,0.65,0.659,0.668,0.656,-0.15264835164835233,-0.15742307692307733,-0.119,-0.135,-0.199,-0.176,-0.207,-0.232,-0.226,-0.165,-0.219,-0.191,-0.209,-0.202,-0.201,0.7802857142857142,0.7876153846153855,0.722,0.732,0.913,0.899,0.886,0.783,0.815,0.811,0.869,0.84,0.889,0.877,0.87
Turkey,5.623,5.118,5.213,5.49,5.272,5.309,4.888,5.58,5.514,5.326,5.607,5.186,4.872,4.862,4.948,9.903,9.899,9.838,9.906,9.996,10.026,10.091,10.124,10.166,10.181,10.238,10.251,10.246,10.219,10.24,0.792,0.645,0.755,0.795,0.692,0.739,0.795,0.863,0.851,0.88,0.876,0.847,0.792,0.857,0.822,63.32,63.68,64.04,64.4,64.64,64.88,65.12,65.36,65.6,66.0,66.4,66.8,67.2,67.6,67.199,0.459,0.415,0.456,0.515,0.446,0.471,0.541,0.649,0.653,0.644,0.644,0.529,0.631,0.51,0.576,-0.178,-0.189,-0.227,-0.187,-0.242,-0.216,-0.229,-0.024,-0.016,-0.065,-0.237,-0.176,-0.136,-0.111,-0.139,0.8,0.785,0.853,0.811,0.649,0.702,0.698,0.764,0.806,0.764,0.671,0.805,0.76,0.774,0.776
Turkmenistan,6.3421515151514996,6.24337121212119,6.568,6.0458106060605985,5.792,5.464,5.392,5.787,5.791,5.887,5.229,4.621,5.474,5.058007575757557,5.066,8.983878787878794,9.038712121212129,8.989,9.148378787878798,9.182,9.269,9.348,9.427,9.472,9.515,9.561,9.605,9.651,9.69671212121213,9.629,0.898090909090909,0.9032727272727268,0.924,0.9136363636363622,0.964,0.946,0.846,0.909,0.96,0.929,0.908,0.984,0.982,0.9654545454545449,0.983,58.88845454545458,59.16886363636365,59.44,59.729681818181916,60.04,60.28,60.52,60.76,61.0,61.4,61.8,62.2,62.6,62.533772727272776,62.409,0.637483870967742,0.6540161290322573,0.6705483870967726,0.687080645161295,0.7036129032258103,0.786,0.705,0.805,0.701,0.749,0.72,0.858,0.892,0.8524032258064551,0.877,-0.21878787878787875,-0.18307575757575023,-0.102,-0.1116515151515074,0.018,-0.123,-0.071,0.032,0.093,0.005,0.066,0.26,0.285,0.24546969696969256,0.273,0.888,0.888,0.888,0.888,0.888,0.888,0.888,0.888,0.888,0.888,0.888,0.888,0.888,0.888,0.888
Uganda,4.456,4.569,4.612,4.193,4.826,4.309,3.71,3.77,4.238,4.233,4.001,4.322,4.948,4.641,4.636,7.419,7.471,7.505,7.528,7.586,7.592,7.595,7.611,7.627,7.637,7.638,7.66,7.688,7.684,7.677,0.845,0.813,0.852,0.83,0.882,0.885,0.878,0.821,0.747,0.754,0.74,0.74,0.805,0.8,0.781,47.46,48.44,49.42,50.4,51.22,52.04,52.86,53.68,54.5,54.9,55.3,55.7,56.1,56.5,56.101,0.708,0.578,0.76,0.801,0.733,0.649,0.763,0.834,0.758,0.739,0.772,0.729,0.704,0.687,0.709,-0.001,-0.055,-0.037,-0.015,0.032,0.081,0.053,0.009,0.135,0.132,0.06,0.079,0.139,0.147,0.122,0.881,0.848,0.84,0.855,0.83,0.838,0.82,0.898,0.873,0.811,0.816,0.856,0.826,0.878,0.855
Ukraine,5.252,5.172,5.166,5.058,5.083,5.03,4.711,4.297,3.965,4.029,4.311,4.662,4.702,5.27,4.875,9.459,9.488,9.332,9.374,9.431,9.436,9.438,9.426,9.327,9.353,9.382,9.42,9.458,9.428,9.436,0.82,0.86,0.845,0.884,0.859,0.898,0.897,0.877,0.909,0.885,0.858,0.901,0.883,0.885,0.888,60.64,61.16,61.68,62.2,62.5,62.8,63.1,63.4,63.7,64.0,64.3,64.6,64.9,65.2,64.902,0.494,0.487,0.46,0.484,0.579,0.564,0.569,0.533,0.431,0.503,0.599,0.663,0.715,0.784,0.724,-0.241,-0.265,-0.241,-0.189,-0.228,-0.223,-0.216,0.084,-0.033,0.011,-0.002,-0.074,-0.081,0.126,-0.011,0.968,0.929,0.962,0.954,0.933,0.896,0.937,0.927,0.952,0.891,0.937,0.943,0.885,0.946,0.924
United Arab Emirates,7.1111978021978075,7.070692307692312,6.866,7.097,7.119,7.218,6.621,6.54,6.568,6.831,7.039,6.604,6.711,6.458,6.561,10.913824175824175,10.929346153846154,10.975,10.914,10.935,10.958,11.001,11.041,11.086,11.105,11.115,11.112,11.114,11.053,11.085,0.8945149700598787,0.8899461077844304,0.885,0.912,0.881,0.856,0.864,0.8625329341317354,0.824,0.849,0.836,0.851,0.862,0.827,0.844,65.94526373626374,66.04646153846156,66.28,66.4,66.42,66.44,66.46,66.48,66.5,66.7,66.9,67.1,67.3,67.5,67.333,0.8715522800552744,0.8774117918010127,0.849,0.878,0.889,0.92,0.936,0.9125688622754495,0.915,0.949,0.962,0.944,0.911,0.942,0.932,0.06485401459853968,0.06908029197080268,0.019,0.057,0.071,0.08598540145985467,0.0902116788321159,0.09443795620437889,0.201,0.131,0.216,0.054,0.129,0.06,0.074,0.29457142857143026,0.3155864661654135,0.339,0.355,0.37863157894737043,0.3996466165413537,0.42066165413534407,0.44167669172932733,0.4626917293233106,0.48370676691729386,0.5047218045112842,0.5257368421052675,0.5467518796992508,0.567766917293234,0.589
United Kingdom,6.802,6.986,6.907,7.029,6.869,6.881,6.918,6.758,6.515,6.824,7.103,7.233,7.157,6.798,7.064,10.699,10.689,10.638,10.649,10.657,10.664,10.679,10.697,10.712,10.724,10.736,10.743,10.751,10.626,10.707,0.97,0.954,0.964,0.955,0.949,0.935,0.937,0.91,0.936,0.954,0.937,0.928,0.943,0.929,0.934,70.46,70.74,71.02,71.3,71.38,71.46,71.54,71.62,71.7,71.9,72.1,72.3,72.5,72.7,72.5,0.838,0.759,0.816,0.841,0.9,0.889,0.905,0.857,0.833,0.821,0.813,0.838,0.854,0.885,0.859,0.336,0.331,0.341,0.403,0.336,0.371,0.346,0.355,0.3,0.25,0.291,0.226,0.271,0.203,0.233,0.498,0.548,0.559,0.587,0.438,0.425,0.568,0.484,0.456,0.458,0.419,0.404,0.485,0.49,0.459
United States,7.513,7.28,7.158,7.164,7.115,7.026,7.249,7.151,6.864,6.804,6.992,6.883,6.944,7.028,6.951,10.933,10.922,10.888,10.905,10.913,10.928,10.939,10.956,10.977,10.986,11.001,11.025,11.043,11.001,11.023,0.9231758241758241,0.953,0.912,0.926,0.922,0.903,0.925,0.902,0.904,0.897,0.921,0.904,0.917,0.937,0.92,68.22,68.38,68.54,68.7,68.68,68.66,68.64,68.62,68.6,68.5,68.4,68.3,68.2,68.1,68.2,0.872,0.878,0.831,0.828,0.863,0.823,0.792,0.866,0.849,0.758,0.868,0.825,0.836,0.85,0.837,0.197,0.255,0.201,0.244,0.161,0.215,0.274,0.221,0.219,0.144,0.197,0.116,0.144,0.034,0.098,0.633,0.668,0.665,0.69,0.697,0.71,0.747,0.702,0.698,0.739,0.681,0.71,0.707,0.678,0.698
Uruguay,5.694,5.664,6.296,6.062,6.554,6.45,6.444,6.561,6.628,6.171,6.336,6.372,6.6,6.31,6.431,9.604,9.671,9.71,9.782,9.83,9.861,9.904,9.932,9.932,9.946,9.968,9.98,9.979,9.937,9.966,0.875,0.879,0.924,0.893,0.891,0.865,0.917,0.902,0.891,0.9,0.914,0.917,0.933,0.921,0.925,67.58,67.72,67.86,68.0,68.14,68.28,68.42,68.56,68.7,68.8,68.9,69.0,69.1,69.2,69.1,0.786,0.808,0.825,0.832,0.851,0.871,0.888,0.904,0.917,0.886,0.898,0.876,0.903,0.908,0.896,-0.165,-0.143,-0.118,-0.158,-0.08,0.067,-0.043,-0.073,-0.032,-0.072,-0.091,-0.097,-0.095,-0.084,-0.092,0.614,0.597,0.544,0.471,0.556,0.615,0.586,0.533,0.673,0.676,0.627,0.683,0.599,0.491,0.59
Uzbekistan,5.2743567482241644,5.311,5.261,5.095,5.739,6.019,5.94,6.049,5.972,5.893,6.421,6.205,6.154,6.35835359116021,6.179,8.332475138121552,8.339,8.4,8.445,8.493,8.55,8.607,8.659,8.714,8.756,8.782,8.818,8.853,8.887776243093924,8.836,0.9172067876874506,0.894,0.905,0.903,0.924,0.933,0.963,0.952,0.968,0.945,0.942,0.921,0.915,0.9397182320441986,0.918,62.35425808997633,62.32,62.76,63.2,63.4,63.6,63.8,64.0,64.2,64.5,64.8,65.1,65.4,65.42475138121551,65.255,0.8748111668757836,0.831,0.89364052697616,0.9030552070263482,0.934,0.914,0.95,0.954,0.98,0.984,0.985,0.97,0.97,0.9972020075282302,0.97,-0.09885793212312421,-0.023,0.013,-0.03,0.042,-0.037,-0.034,0.061,0.375,0.208,0.123,0.318,0.304,0.313207182320447,0.311,0.5292333333333339,0.5261166666666677,0.61,0.519,0.522,0.463,0.434,0.536,0.471,0.5011833333333335,0.465,0.52,0.511,0.4887166666666669,0.515
Venezuela,7.4232197802197675,6.258,7.189,7.478,6.58,7.067,6.553,6.136,5.569,4.041,5.071,5.006,5.081,4.574,4.892,9.89226257668713,9.701,9.542,9.717,9.822,9.826,9.739,9.557,9.001,9.01,9.073,9.134396319018407,9.065499386503092,8.996602453987748,9.073,0.9534725274725275,0.922,0.945,0.932,0.931,0.932,0.896,0.904,0.911,0.902,0.896,0.887,0.888,0.805,0.861,65.32527472527471,65.58,65.64,65.7,65.74,65.78,65.82,65.86,65.9,66.1,66.3,66.5,66.7,66.9,66.7,0.7292087912087943,0.678,0.677,0.768,0.766,0.804,0.642,0.57,0.512,0.458,0.636,0.611,0.626,0.612,0.615,-0.18956134969325067,-0.225,-0.116,-0.155,-0.226,-0.193,-0.22,-0.199,-0.117,-0.155,-0.169,-0.16705521472392615,-0.1650092024539873,-0.16296319018404848,-0.169,0.7758681318681315,0.776,0.828,0.754,0.772,0.743,0.837,0.827,0.813,0.89,0.844,0.828,0.839,0.811,0.827
Vietnam,5.422,5.48,5.304,5.296,5.767,5.535,5.023,5.085,5.076,5.062,5.175,5.296,5.467,5.2363106508875745,5.411,8.394,8.44,8.483,8.535,8.585,8.626,8.668,8.716,8.77,8.82,8.876,8.934,8.992,8.997008875739652,8.973,0.856,0.805,0.815,0.787,0.898,0.775,0.759,0.792,0.849,0.876,0.8345030262273032,0.832,0.848,0.8411617350369869,0.85,66.02,66.18,66.34,66.5,66.66,66.82,66.98,67.14,67.3,67.5,67.7,67.9,68.1,68.11489349112423,68.034,0.918,0.889,0.834,0.831,0.818,0.856,0.92,0.8926087308003243,0.8983783346806788,0.894,0.9099175424413914,0.909,0.952,0.9272263540824568,0.94,0.089,0.201,-0.062,-0.006,0.105,-0.11,-0.027,0.0,0.086,-0.09,-0.057590450571616714,-0.041,-0.126,-0.09944519166106147,-0.098,0.754,0.789,0.838,0.743,0.742,0.815,0.771,0.7873371059013743,0.7891079223928861,0.799,0.7926495553759096,0.808,0.788,0.797962004850445,0.796
Yemen,4.477,4.387173076923062,4.809,4.35,3.746,4.061,4.218,3.968,2.983,3.826,3.254,3.058,4.197,3.3982115384615383,3.658,8.214,8.407484624145809,8.278,8.453,8.336,8.236,8.242,8.117,7.858,7.715,7.578,7.72725113895217,7.659227790432823,7.5912044419134475,7.578,0.825,0.7062788461538467,0.756,0.727,0.663,0.682,0.694,0.638,0.669,0.775,0.79,0.789,0.87,0.7875673076923082,0.832,53.4,53.322250000000054,54.0,54.3,54.3,54.3,54.3,54.3,54.3,55.1,55.9,56.7,57.5,56.75805769230783,57.122,0.673,0.6581730769230774,0.644,0.659,0.638,0.706,0.543,0.664,0.61,0.533,0.595,0.553,0.651,0.5835192307692321,0.602,0.011,-0.08184111617311984,-0.052,-0.104,-0.173,-0.171,-0.179,-0.157,-0.139,-0.151,-0.147,-0.1710951025056957,-0.18002050113895152,-0.18894589977220733,-0.147,0.8399230769230774,0.8374615384615387,0.832,0.853,0.754,0.793,0.885,0.885,0.829,0.8177692307692315,0.8153076923076927,0.793,0.798,0.8079230769230774,0.8
Zambia,3.998,4.73,5.26,4.748331521739118,4.999,5.013,5.244,4.346,4.843,4.348,3.933,4.041,3.307,4.838,4.073,7.871,7.918,7.978,8.014538043478261,8.071,8.114,8.131,8.146,8.144,8.151,8.156,8.167,8.155,8.117,8.145,0.688,0.624,0.782,0.7350543478260871,0.864,0.78,0.761,0.706,0.691,0.767,0.744,0.718,0.638,0.767,0.708,45.72,47.18,48.64,49.41770108695664,50.84,51.58,52.32,53.06,53.8,54.3,54.8,55.3,55.8,56.3,55.809,0.682,0.717,0.696,0.7267499999999991,0.663,0.788,0.77,0.812,0.759,0.812,0.823,0.791,0.811,0.75,0.782,-0.067,0.056,-0.096,-0.02399456521739296,0.003,0.008,-0.104,-0.011,-0.039,0.122,0.14,0.048,0.077,0.056,0.061,0.948,0.89,0.917,0.8677554347826089,0.882,0.806,0.732,0.809,0.871,0.771,0.74,0.811,0.832,0.81,0.823
Zimbabwe,3.28,3.174,4.056,4.682,4.846,4.955,4.69,4.184,3.703,3.735,3.638,3.616,2.694,3.16,3.145,7.666,7.461,7.563,7.729,7.846,7.983,7.985,7.991,7.992,7.984,8.016,8.049,7.95,7.829,7.943,0.828,0.843,0.806,0.857,0.865,0.896,0.799,0.766,0.736,0.768,0.754,0.775,0.759,0.717,0.75,42.86,44.14,45.42,46.7,48.12,49.54,50.96,52.38,53.8,54.4,55.0,55.6,56.2,56.8,56.201,0.456,0.344,0.411,0.665,0.633,0.47,0.576,0.642,0.667,0.733,0.753,0.763,0.632,0.643,0.677,-0.082,-0.09,-0.078,-0.093,-0.088,-0.103,-0.104,-0.074,-0.123,-0.095,-0.098,-0.068,-0.064,-0.009,-0.047,0.946,0.964,0.931,0.828,0.83,0.859,0.831,0.82,0.81,0.724,0.751,0.844,0.831,0.789,0.821
